,TwonHalfDecade,constituentid_x,counts
3337,1950,639,10379
2901,1925,639,7816
3459,1950,6747,4681
3443,1950,2718,2954
1893,1850,193,2550
3636,1950,34346,2507
2994,1925,2718,2402
2610,1900,2718,2079
3820,1975,465,2054
3745,1975,76,1946
3151,1925,34346,1737
4040,1975,9926,1548
2268,1875,9926,1402
2992,1925,2311,1290
4151,1975,24440,1235
2138,1875,193,1166
669,1625,2718,1148
2623,1900,9926,1137
4544,2000,19598,1089
3976,1975,2718,1067
3470,1950,9926,1057
3008,1925,9926,1048
1631,1800,2718,1007
3790,1975,297,1005
1637,1800,9926,940
813,1650,2718,918
1807,1825,2718,891
281,1525,2718,884
1998,1850,9926,861
1993,1850,2718,857
193,1500,2718,824
1327,1775,193,785
1426,1775,2718,775
4399,2000,465,752
4487,2000,9926,737
2259,1875,2718,718
1382,1775,631,699
3871,1975,992,672
3009,1925,10026,650
671,1625,7190,606
2662,1900,21753,605
4061,1975,11671,568
741,1650,193,567
3901,1975,1273,547
4392,2000,297,545
4068,1975,12844,543
4147,1975,24202,543
2177,1875,425,533
366,1550,2718,477
4110,1975,19598,453
147,1500,35,429
3305,1950,465,409
135,1475,2718,407
1248,1750,2718,402
546,1600,2718,401
1809,1825,7174,400
226,1525,35,400
610,1625,193,395
2819,1925,226,386
1448,1775,18165,369
3348,1950,982,368
3918,1975,1513,352
316,1550,35,347
2868,1925,465,347
3778,1975,219,342
4175,1975,27795,337
2609,1900,2311,331
3429,1950,1734,328
449,1575,2718,322
3471,1950,10026,319
1721,1825,193,318
1182,1750,193,317
4314,1975,46388,301
797,1650,1283,294
403,1575,62,287
4471,2000,6779,286
928,1675,2718,276
1224,1750,631,274
1532,1800,193,273
3771,1975,193,272
3839,1975,549,270
2450,1900,193,266
3587,1950,27795,265
4577,2000,23952,263
108,1475,35,259
4041,1975,10026,253
3813,1975,441,253
4567,2000,23010,252
1438,1775,14034,249
492,1600,35,244
2510,1900,465,241
2499,1900,425,230
3104,1925,27795,230
4380,2000,9,230
2580,1900,1514,230
1303,1750,46560,225
3375,1950,1177,220
4732,2000,48042,220
4391,2000,219,218
3898,1975,1190,217
4229,1975,33053,210
884,1675,193,210
1443,1775,15728,209
3734,1975,9,209
1100,1725,631,208
1589,1800,631,207
501,1600,193,206
2934,1925,1147,205
2188,1875,465,205
2229,1875,1186,204
1935,1850,465,200
4020,1975,6779,197
3838,1975,547,196
4413,2000,992,195
3957,1975,1734,194
4701,2000,38632,189
2360,1875,34346,188
4288,1975,38240,188
4163,1975,26356,188
2812,1925,193,185
3980,1975,3368,184
1124,1725,2718,182
1970,1850,1186,180
4132,1975,23126,179
2418,1900,67,177
2957,1925,1514,177
587,1600,38134,176
3690,1950,46388,175
3702,1950,48993,172
3851,1975,638,169
3629,1950,33053,168
2444,1900,164,167
83,1450,35,156
400,1575,35,153
326,1550,193,151
3763,1975,159,148
2786,1925,82,147
3231,1950,82,146
1437,1775,13179,145
2805,1925,164,139
4271,1975,37005,137
1358,1775,441,135
1233,1750,1005,131
2624,1900,10026,126
1067,1725,193,125
4417,2000,1244,125
734,1650,110,123
3444,1950,2739,121
2672,1900,23698,121
2504,1900,441,121
4571,2000,23184,118
2183,1875,441,117
4079,1975,14034,116
4236,1975,34346,116
1035,1700,21517,116
3971,1975,2474,114
4580,2000,24436,114
1736,1825,292,114
3597,1950,29738,114
3388,1950,1317,114
1812,1825,9926,113
3991,1975,4711,112
2721,1900,34346,110
3698,1950,47587,110
4015,1975,6747,109
3663,1950,37005,109
4279,1975,37724,108
1910,1850,292,108
3077,1925,23126,107
409,1575,193,107
1189,1750,306,106
3292,1950,425,105
1500,1775,47746,105
2035,1850,22573,105
4664,2000,35183,104
1363,1775,465,104
2996,1925,4475,103
1928,1850,425,103
2330,1875,27795,101
4674,2000,36259,101
1264,1750,18165,100
3452,1950,4475,100
2817,1925,211,100
3297,1950,441,99
1397,1775,1005,98
2463,1900,229,97
4280,1975,37984,97
1111,1725,1005,96
984,1700,193,96
4602,2000,27795,95
98,1450,2718,95
2987,1925,1838,95
2863,1925,441,94
2820,1925,229,94
2631,1900,12458,92
3387,1950,1312,92
3395,1950,1514,91
4074,1975,13179,91
2226,1875,1014,91
2575,1900,1312,90
3189,1925,46388,90
2936,1925,1177,89
2857,1925,425,89
2691,1900,27795,88
1146,1725,21517,87
237,1525,193,87
4689,2000,37751,87
1488,1775,37005,86
4718,2000,46039,85
1169,1750,29,85
2766,1925,9,83
3526,1950,18314,82
1876,1850,9,82
1278,1750,24254,82
3847,1975,603,81
1638,1800,10026,81
3494,1950,13179,81
4397,2000,441,80
2797,1925,125,80
3521,1950,17714,80
4082,1975,15254,79
2445,1900,165,79
2585,1900,1534,79
548,1600,7190,78
1467,1775,26158,77
1553,1800,292,76
2457,1900,211,75
4655,2000,34346,75
1747,1825,425,75
4688,2000,37724,74
4723,2000,46388,73
1178,1750,142,73
4557,2000,21959,72
3219,1950,9,72
4710,2000,40405,72
3101,1925,27063,72
645,1625,639,72
1310,1775,29,71
1652,1800,18165,71
3252,1950,164,71
4266,1975,36259,71
550,1600,10026,71
3033,1925,14825,70
3968,1975,2242,70
2948,1925,1312,70
4129,1975,23032,70
3072,1925,22433,69
3894,1975,1177,69
177,1500,631,69
1932,1850,441,68
4652,2000,33083,68
3989,1975,4475,68
2279,1875,14034,68
1309,1775,9,68
4650,2000,33053,67
3068,1925,21753,66
4431,2000,1674,66
4249,1975,35183,66
4253,1975,35419,65
234,1525,142,65
4259,1975,35674,64
2356,1875,31613,64
2956,1925,1513,63
3184,1925,42764,62
3054,1925,19205,62
1361,1775,454,61
1022,1700,2718,61
1465,1775,24254,61
3296,1950,437,60
527,1600,631,59
4055,1975,11115,59
2683,1900,26356,59
3154,1925,35183,59
1195,1750,358,59
266,1525,631,59
363,1550,1676,58
3258,1950,193,58
3936,1975,1600,58
1168,1750,9,58
4696,2000,38240,58
1568,1800,455,57
1456,1775,22725,57
2321,1875,26356,57
2784,1925,74,56
3668,1950,37984,56
2950,1925,1322,56
767,1650,441,56
2395,1875,52072,56
3985,1975,4126,56
2717,1900,31613,56
597,1625,35,56
1261,1750,15728,56
1563,1800,427,55
2449,1900,192,55
2257,1875,2311,55
3261,1950,219,55
3356,1950,1034,55
4295,1975,38754,55
348,1550,631,54
4186,1975,29738,53
1271,1750,21517,53
495,1600,62,53
4500,2000,11115,53
470,1575,23172,53
3119,1925,29738,53
2542,1900,668,53
2343,1875,30149,52
3194,1925,47587,52
2818,1925,219,52
2137,1875,192,52
2144,1875,229,52
3400,1950,1555,52
4629,2000,31200,51
2156,1875,292,51
4006,1975,6509,51
4231,1975,33083,51
4216,1975,31464,50
4035,1975,9743,50
3755,1975,118,50
415,1575,426,50
4033,1975,9720,50
3456,1950,6139,50
4721,2000,46256,50
1840,1825,23895,49
171,1500,465,49
4067,1975,12795,48
765,1650,426,48
4126,1975,22573,48
2502,1900,432,48
688,1625,18165,48
3664,1950,37190,47
2998,1925,6139,47
584,1600,35798,47
2972,1925,1624,47
3488,1950,12396,47
1749,1825,427,47
3953,1975,1674,47
2970,1925,1620,46
3893,1975,1152,46
4566,2000,22917,46
4167,1975,26709,46
3725,1950,51999,46
4730,2000,47445,46
4445,2000,2500,45
4090,1975,16616,45
4662,2000,35160,44
3899,1975,1244,44
2794,1925,109,44
155,1500,193,44
1756,1825,465,44
2234,1875,1293,44
3580,1950,26709,44
4814,2025,33083,43
3658,1950,35953,43
3168,1925,37005,43
4501,2000,11204,43
4058,1975,11316,43
4046,1975,10173,43
275,1525,1296,42
369,1550,9926,42
2903,1925,668,42
1600,1800,1005,42
4252,1975,35269,42
3628,1950,33049,42
4666,2000,35269,42
151,1500,142,41
2105,1875,9,41
605,1625,110,41
1031,1700,18165,41
938,1675,14440,41
2238,1875,1447,41
2251,1875,1637,41
1487,1775,36532,41
3483,1950,11741,40
3031,1925,14034,40
1210,1750,465,40
824,1650,11715,40
2116,1875,74,40
274,1525,1290,40
4131,1975,23036,40
3567,1950,24045,40
1944,1850,508,39
2937,1925,1186,39
3394,1950,1513,39
1883,1850,105,39
985,1700,216,39
594,1625,9,39
4127,1975,22917,38
1201,1750,425,38
2289,1875,18165,38
1455,1775,21517,38
461,1575,14440,38
3377,1950,1186,38
513,1600,426,38
3433,1950,1829,38
3630,1950,33083,37
3791,1975,298,37
2619,1900,9720,37
1411,1775,1305,37
2209,1875,614,37
3178,1925,38216,37
2260,1875,4475,37
3308,1950,483,37
1813,1825,10026,37
834,1650,18165,37
2195,1875,508,37
3896,1975,1186,37
2637,1900,14020,37
1404,1775,1189,37
1354,1775,426,37
4486,2000,9752,37
4157,1975,25202,37
3117,1925,29608,37
3517,1950,16884,37
4030,1975,9672,37
1567,1800,454,37
4084,1975,15257,36
910,1675,1005,36
2429,1900,105,36
3964,1975,1996,36
4276,1975,37625,36
4488,2000,10026,36
1312,1775,35,36
1929,1850,426,36
3645,1950,35183,35
760,1650,383,35
780,1650,631,35
1711,1825,142,35
1996,1850,7174,35
4338,1975,48465,34
1966,1850,1011,34
3454,1950,4711,34
4145,1975,23952,34
2048,1850,26158,34
4597,2000,26709,34
632,1625,426,34
2021,1850,18165,34
2043,1850,23895,34
4600,2000,27063,33
4409,2000,810,33
2538,1900,631,33
2590,1900,1570,33
113,1475,193,33
3507,1950,15256,33
3806,1975,425,33
1827,1825,18165,33
465,1575,18314,33
543,1600,1552,33
4278,1975,37702,33
2063,1850,30149,32
1221,1750,609,32
3877,1975,1003,32
3162,1925,35953,32
3558,1950,23126,32
1212,1750,501,32
4634,2000,31370,32
3288,1950,389,32
3445,1950,3097,32
2407,1900,35,31
4342,1975,48903,31
2409,1900,38,31
1257,1750,13179,31
2011,1850,14034,31
2013,1850,14825,31
4363,1975,51462,31
3004,1925,9720,31
1355,1775,427,31
4086,1975,16051,31
1198,1750,403,31
4802,2025,23160,31
3660,1950,36259,31
4819,2025,35269,31
1713,1825,153,31
3229,1950,76,31
3679,1950,41392,31
3458,1950,6715,31
3835,1975,532,31
4681,2000,37005,31
4135,1975,23184,30
286,1525,9926,30
1170,1750,35,30
2891,1925,588,30
3170,1925,37506,30
3928,1975,1551,30
1200,1750,422,30
1094,1725,508,30
1641,1800,14034,30
377,1550,14440,30
3672,1950,38216,30
3067,1925,21728,30
2399,1900,9,30
2612,1900,4475,30
1283,1750,26672,30
2375,1875,38134,30
4173,1975,27732,30
1507,1800,9,29
1207,1750,454,29
3861,1975,912,29
4695,2000,38222,29
865,1650,48870,29
770,1650,465,29
1148,1725,24254,29
1431,1775,9926,29
2123,1875,105,29
1141,1725,18165,29
634,1625,441,29
3530,1950,18911,29
1259,1750,14440,28
2237,1875,1303,28
433,1575,1005,28
794,1650,1005,28
4303,1975,43872,28
3260,1950,218,28
4714,2000,44949,28
1281,1750,26158,27
3169,1925,37190,27
4331,1975,47445,27
1658,1800,21517,27
4798,2025,19598,27
4628,2000,31177,27
2215,1875,668,27
2361,1875,35183,27
726,1650,9,27
1930,1850,427,27
635,1625,454,27
3837,1975,544,27
2055,1850,27795,27
1818,1825,14034,26
2582,1900,1521,26
127,1475,631,26
4105,1975,18314,26
3582,1950,27063,26
839,1650,21517,26
3211,1925,51879,26
2931,1925,1086,26
2792,1925,105,26
727,1650,35,26
4527,2000,16051,26
4492,2000,10163,26
959,1675,31518,26
3084,1925,23698,26
2638,1900,14034,26
581,1600,35270,25
4324,1975,47223,25
2894,1925,604,25
2804,1925,159,25
846,1650,24254,25
4642,2000,31636,25
555,1600,14440,25
1011,1700,1005,25
3251,1950,159,25
4549,2000,20532,25
3096,1925,25202,25
2607,1900,1838,25
528,1600,639,25
637,1625,465,25
2912,1925,946,25
1819,1825,14440,24
4261,1975,35953,24
2435,1900,135,24
3514,1950,16644,24
4619,2000,30424,24
4454,2000,4711,24
1254,1750,10026,24
3516,1950,16819,24
381,1550,18314,24
3510,1950,16158,24
2954,1925,1469,24
2473,1900,292,24
3139,1925,31613,24
3484,1950,12004,24
3238,1950,101,24
3954,1975,1683,24
676,1625,10026,24
1135,1725,14440,24
3545,1950,21753,24
2441,1900,159,24
4004,1975,6149,24
3505,1950,15056,24
4002,1975,6024,24
3411,1950,1620,23
607,1625,142,23
1755,1825,455,23
3177,1925,38134,23
4717,2000,46023,23
3339,1950,720,23
4503,2000,11671,23
4529,2000,16706,23
197,1500,9926,23
768,1650,454,23
2858,1925,426,23
682,1625,14440,23
4065,1975,12564,23
4483,2000,9720,23
4520,2000,14034,23
3376,1950,1178,23
3746,1975,82,23
4139,1975,23695,23
4069,1975,12883,23
3683,1950,44949,22
4610,2000,29608,22
2874,1925,508,22
117,1475,427,22
1213,1750,508,22
1965,1850,1005,22
1304,1750,47746,22
3824,1975,485,22
3185,1925,44949,22
4027,1975,7177,22
2737,1900,38134,22
3892,1975,1147,22
821,1650,9926,22
2072,1850,31613,22
4294,1975,38632,22
1956,1850,631,22
3475,1950,10698,22
2314,1875,23895,22
2573,1900,1303,22
110,1475,142,22
1564,1800,432,21
3917,1975,1512,21
2049,1850,26356,21
1028,1700,14440,21
4318,1975,46863,21
2071,1850,31531,21
4442,2000,2136,21
4546,2000,19950,21
1137,1725,15728,21
3164,1925,36210,21
3282,1950,357,21
2581,1900,1520,21
2421,1900,74,21
3781,1975,248,21
3880,1975,1039,21
2555,1900,1014,21
2319,1875,26158,21
3222,1950,33,21
3279,1950,342,21
4727,2000,46999,21
2946,1925,1303,21
4784,2025,6779,21
2281,1875,14825,21
73,1425,35,21
2917,1925,1011,21
2800,1925,135,20
2745,1900,44949,20
4444,2000,2474,20
4323,1975,47170,20
4453,2000,4475,20
2067,1850,30712,20
2650,1900,18165,20
2225,1875,1011,20
3336,1950,638,20
2593,1900,1624,20
828,1650,14034,20
1820,1825,14825,20
1509,1800,35,20
3752,1975,109,20
3751,1975,101,20
4436,2000,1843,20
2914,1925,982,20
3368,1950,1123,20
4382,2000,83,20
2871,1925,498,20
4182,1975,28660,19
3405,1950,1572,19
4782,2025,6716,19
4516,2000,13179,19
707,1625,35798,19
453,1575,10026,19
425,1575,631,19
3457,1950,6149,19
3065,1925,21061,19
2353,1875,31127,19
1885,1850,110,19
3846,1975,596,19
1922,1850,377,19
52,1350,35,19
3321,1950,547,19
4858,2025,50712,19
2675,1900,23895,19
1098,1725,556,19
1643,1800,14825,19
1208,1750,455,19
1668,1800,26158,19
2124,1875,110,19
3278,1950,333,19
3887,1975,1088,18
3667,1950,37625,18
4725,2000,46863,18
2940,1925,1273,18
1060,1725,42,18
1206,1750,441,18
2670,1900,23628,18
1203,1750,427,18
2015,1850,15988,18
1778,1825,1005,18
1760,1825,508,18
1340,1775,292,18
4306,1975,45015,18
520,1600,465,18
1913,1850,311,18
2198,1875,542,18
4687,2000,37702,18
3594,1950,28428,18
2919,1925,1034,18
4800,2025,21959,18
3176,1925,38123,18
2639,1900,14440,18
4169,1975,27063,18
1223,1750,630,18
1898,1850,229,18
63,1400,35,18
1988,1850,1651,18
1782,1825,1043,18
3245,1950,125,17
2364,1875,35953,17
350,1550,1005,17
2908,1925,896,17
3028,1925,13961,17
2432,1900,109,17
1356,1775,432,17
2596,1900,1637,17
3240,1950,105,17
766,1650,427,17
2577,1900,1447,17
3244,1950,118,17
2699,1900,29738,17
3393,1950,1512,17
4663,2000,35162,17
2932,1925,1123,17
974,1700,35,17
3841,1975,554,17
2213,1875,631,17
291,1525,14440,17
2246,1875,1600,17
3149,1925,33083,17
4118,1975,21018,17
3133,1925,30949,17
4570,2000,23160,17
1527,1800,172,17
3369,1950,1137,17
2522,1900,542,17
4661,2000,34958,17
225,1525,9,17
3627,1950,32991,17
1831,1825,21517,17
40,1275,1296,17
4052,1975,10813,16
4649,2000,32995,16
3496,1950,13316,16
4304,1975,44949,16
4466,2000,6702,16
4647,2000,32993,16
4375,1975,52662,16
1569,1800,465,16
4648,2000,32994,16
475,1575,35798,16
3541,1950,21079,16
1651,1800,17722,16
3144,1925,32991,16
3972,1975,2500,16
4348,1975,49706,16
340,1550,441,16
1044,1700,26158,16
1972,1850,1281,16
4552,2000,21018,16
902,1675,465,16
3622,1950,31613,16
3844,1975,587,16
673,1625,9091,16
4641,2000,31613,16
651,1625,1005,16
831,1650,15728,16
1689,1800,47746,15
1258,1750,14034,15
93,1450,631,15
2290,1875,18314,15
79,1425,2718,15
2269,1875,10026,15
2923,1925,1054,15
2007,1850,13179,15
1253,1750,9926,15
4038,1975,9772,15
48,1325,35,15
1798,1825,1303,15
3757,1975,130,15
4581,2000,24440,15
830,1650,14440,15
4434,2000,1684,15
3451,1950,4108,15
1439,1775,14440,15
754,1650,290,15
1202,1750,426,15
1909,1850,290,15
1385,1775,639,15
2469,1900,257,15
2606,1900,1829,15
2077,1850,35183,15
735,1650,142,15
4421,2000,1457,14
4093,1975,16884,14
3696,1950,47445,14
4121,1975,21360,14
2734,1900,37510,14
1707,1825,105,14
1686,1800,38216,14
1771,1825,631,14
2873,1925,504,14
4112,1975,20107,14
172,1500,508,14
4759,2000,52353,14
775,1650,584,14
569,1600,23153,14
2027,1850,20260,14
2178,1875,426,14
460,1575,14034,14
2437,1900,138,14
4497,2000,10813,14
2142,1875,211,14
1085,1725,427,14
4009,1975,6516,14
3029,1925,13969,14
3274,1950,300,14
4875,2025,52353,14
4495,2000,10715,14
4192,1975,30299,14
4381,2000,29,14
1059,1725,35,14
3408,1950,1600,14
3828,1975,508,13
4273,1975,37190,13
3198,1925,48993,13
715,1625,38134,13
4422,2000,1513,13
2647,1900,17716,13
4713,2000,42881,13
3206,1925,50740,13
1642,1800,14440,13
3805,1975,414,13
3241,1950,109,13
2073,1850,33083,13
1188,1750,292,13
644,1625,631,13
4564,2000,22912,13
4565,2000,22913,13
3098,1925,26356,13
1659,1800,22725,13
1531,1800,192,13
4014,1975,6715,13
4469,2000,6716,13
3532,1950,19418,13
2357,1875,31703,13
4242,1975,34866,13
1405,1775,1238,13
2989,1925,1994,13
4460,2000,6024,13
146,1500,9,13
1881,1850,90,13
2813,1925,199,13
1825,1825,17722,13
2806,1925,165,13
4054,1975,11087,13
4133,1975,23160,13
4247,1975,35160,12
1561,1800,425,12
1000,1700,455,12
3313,1950,508,12
1440,1775,14825,12
4204,1975,31177,12
1091,1725,465,12
2811,1925,192,12
3466,1950,9720,12
3207,1925,50977,12
4220,1975,32746,12
68,1400,2718,12
3011,1925,10740,12
1610,1800,1296,12
1584,1800,556,12
3592,1950,27872,12
1321,1775,142,12
1593,1800,672,12
565,1600,21517,12
2694,1900,28623,12
2179,1875,427,12
809,1650,1552,12
4476,2000,6903,12
2452,1900,199,12
1864,1825,37573,12
2571,1900,1297,12
3979,1975,3097,12
3803,1975,403,12
1933,1850,455,12
3819,1975,464,12
1983,1850,1555,12
1728,1825,229,12
2018,1850,17582,12
343,1550,465,12
338,1550,426,12
532,1600,1005,12
4572,2000,23321,12
4586,2000,24922,12
3915,1975,1455,12
2155,1875,290,12
613,1625,211,12
658,1625,1303,12
2145,1875,230,12
3508,1950,15257,11
3996,1975,5457,11
168,1500,427,11
452,1575,9926,11
3360,1950,1054,11
3504,1950,14825,11
781,1650,639,11
2185,1875,455,11
2479,1900,330,11
4804,2025,24597,11
4881,2025,52820,11
801,1650,1303,11
4166,1975,26587,11
1498,1775,46560,11
4679,2000,36776,11
3531,1950,19205,11
633,1625,427,11
4477,2000,6937,11
3983,1975,3930,11
744,1650,211,11
481,1575,38134,11
3853,1975,668,11
3849,1975,612,11
3220,1950,15,11
3878,1975,1011,11
4537,2000,17769,11
1084,1725,426,11
1976,1850,1303,11
3836,1975,536,11
1076,1725,292,11
394,1550,38134,11
600,1625,48,11
2294,1875,20260,11
2074,1850,34346,11
2304,1875,22725,11
4573,2000,23479,11
494,1600,48,11
4818,2025,35183,11
1520,1800,105,11
628,1625,401,11
1685,1800,38134,11
3575,1950,25202,11
1644,1800,15728,11
253,1525,426,11
4415,2000,1058,11
255,1525,441,11
4451,2000,3097,11
1683,1800,37252,11
2739,1900,38216,11
1538,1800,223,11
2867,1925,455,11
919,1675,1303,11
942,1675,18165,11
1722,1825,195,11
4134,1975,23171,11
4423,2000,1527,11
1702,1825,48,11
1001,1700,465,10
2032,1850,21191,10
1003,1700,631,10
3476,1950,10813,10
1688,1800,46560,10
4481,2000,9660,10
1612,1800,1303,10
1432,1775,10026,10
3589,1950,27869,10
2302,1875,22573,10
638,1625,508,10
3646,1950,35216,10
2651,1900,18314,10
1737,1825,306,10
4001,1975,6022,10
169,1500,441,10
1353,1775,425,10
3570,1950,24440,10
1332,1775,216,10
107,1475,9,10
863,1650,46560,10
2995,1925,3891,10
4741,2000,50066,10
4809,2025,27795,10
3490,1950,12795,10
2380,1875,44949,10
2300,1875,21753,10
947,1675,21517,10
4196,1975,30452,10
3956,1975,1685,10
2553,1900,1005,10
389,1550,35798,10
4287,1975,38216,10
1534,1800,195,10
549,1600,9926,10
907,1675,631,10
3659,1950,36210,10
4764,2000,52662,10
3848,1975,605,10
4470,2000,6747,10
3318,1950,536,10
1486,1775,35798,10
2608,1900,1995,10
3951,1975,1671,10
4690,2000,37884,10
2483,1900,342,10
1446,1775,17722,10
4452,2000,3811,10
4670,2000,35534,10
2928,1925,1076,10
4568,2000,23032,10
2853,1925,419,10
3354,1950,1011,10
1945,1850,514,9
2591,1900,1600,9
3045,1925,17716,9
4343,1975,49035,9
3048,1925,18165,9
841,1650,21894,9
3137,1925,31531,9
1274,1750,22725,9
2241,1875,1534,9
2350,1875,30875,9
2036,1850,22725,9
2243,1875,1555,9
2760,1900,51640,9
2332,1875,28255,9
854,1650,35798,9
3121,1925,30049,9
2313,1875,23749,9
536,1600,1238,9
3406,1950,1583,9
162,1500,333,9
2477,1900,317,9
2518,1900,508,9
614,1625,216,9
2842,1925,342,9
3556,1950,23036,9
3513,1950,16616,9
793,1650,966,9
2501,1900,431,9
2126,1875,138,9
3718,1950,50960,9
4778,2025,1880,9
3709,1950,49956,9
4790,2025,11671,9
4388,2000,159,9
2119,1875,90,9
4770,2025,219,9
4164,1975,26421,9
4769,2025,193,9
1502,1775,48870,9
1140,1725,17722,9
1787,1825,1100,9
2525,1900,556,9
3682,1950,42764,9
1089,1725,454,9
2109,1875,48,9
3994,1975,5382,9
1886,1850,135,9
3039,1925,16609,9
4426,2000,1596,9
2366,1875,36526,9
3783,1975,253,9
1024,1700,9926,9
2392,1875,50918,9
3214,1925,52165,9
999,1700,454,9
2134,1875,165,9
2564,1900,1186,9
2681,1900,26158,9
1421,1775,1629,9
4218,1975,31613,9
3495,1950,13224,9
1635,1800,9797,8
3327,1950,584,8
3386,1950,1303,8
2634,1900,13179,8
1607,1800,1186,8
2622,1900,9892,8
3890,1975,1135,8
3246,1950,130,8
2019,1850,17716,8
3625,1950,32811,8
3221,1950,30,8
2722,1900,35183,8
2355,1875,31531,8
1994,1850,4475,8
1985,1850,1600,8
1844,1825,26356,8
2825,1925,257,8
2963,1925,1568,8
1434,1775,11452,8
2826,1925,259,8
3736,1975,29,8
4021,1975,6842,8
2955,1925,1512,8
4023,1975,7165,8
3551,1950,22433,8
1808,1825,4475,8
4170,1975,27089,8
1794,1825,1293,8
1540,1800,229,8
3525,1950,17843,8
1536,1800,216,8
4031,1975,9674,8
4224,1975,32965,8
1362,1775,455,8
1753,1825,441,8
3110,1925,28255,8
1729,1825,230,8
3593,1950,28418,8
2275,1875,13179,8
1255,1750,11452,8
2285,1875,16609,8
3438,1950,2340,8
3440,1950,2500,8
3807,1975,426,8
3022,1925,13179,8
4263,1975,36215,8
3063,1925,20532,8
3053,1925,18911,8
4039,1975,9826,8
3043,1925,17611,8
3474,1950,10575,8
4232,1975,33090,8
1843,1825,26158,8
2443,1900,163,8
4474,2000,6900,8
948,1675,21894,8
161,1500,290,8
4824,2025,36266,8
508,1600,328,8
120,1475,465,8
204,1500,14440,8
196,1500,9808,8
195,1500,7193,8
822,1650,10026,8
4816,2025,34987,8
591,1600,48870,8
693,1625,21517,8
4659,2000,34787,8
4390,2000,193,8
4715,2000,45011,8
4349,1975,49707,8
833,1650,17722,8
621,1625,306,8
866,1650,49364,8
4446,2000,2592,8
256,1525,445,8
4,-200,9926,8
898,1675,427,8
772,1650,508,8
4513,2000,12844,8
4594,2000,26421,8
1470,1775,26867,7
1471,1775,27042,7
4270,1975,36938,7
85,1450,193,7
2042,1850,23749,7
87,1450,427,7
3007,1925,9892,7
3768,1975,190,7
1295,1750,35798,7
1245,1750,1534,7
3115,1925,29312,7
1064,1725,106,7
1639,1800,11452,7
3111,1925,28418,7
324,1550,142,7
4429,2000,1654,7
2625,1900,10491,7
2640,1900,14825,7
3656,1950,35578,7
3450,1950,3891,7
1244,1750,1305,7
4828,2025,38124,7
2633,1900,12593,7
2730,1900,36526,7
2133,1875,163,7
856,1650,37005,7
4057,1975,11315,7
3540,1950,21061,7
1364,1775,501,7
236,1525,184,7
2224,1875,1005,7
2236,1875,1297,7
4211,1975,31370,7
1302,1750,38584,7
261,1525,508,7
4208,1975,31291,7
263,1525,518,7
3581,1950,26808,7
1701,1825,35,7
2796,1925,120,7
3599,1950,30049,7
1748,1825,426,7
1029,1700,15728,7
3522,1950,17716,7
2310,1875,23321,7
4780,2025,2500,7
4781,2025,6157,7
206,1500,18165,7
1445,1775,17142,7
1326,1775,192,7
1449,1775,18314,7
3882,1975,1054,7
2413,1900,48,7
1316,1775,48,7
3794,1975,326,7
2978,1925,1652,7
167,1500,426,7
3145,1925,33049,7
1409,1775,1303,7
2427,1900,102,7
3998,1975,5669,7
3753,1975,111,7
4660,2000,34866,7
3257,1950,192,7
3986,1975,4290,7
419,1575,465,7
1999,1850,10026,7
370,1550,10026,7
1565,1800,441,7
1555,1800,328,7
3293,1950,426,7
1613,1800,1305,7
1150,1725,26158,7
2478,1900,328,7
1967,1850,1043,7
1879,1850,48,7
3299,1950,450,7
1176,1750,106,7
1868,1825,46560,7
4514,2000,13101,7
3344,1950,923,7
1562,1800,426,7
3248,1950,148,7
3281,1950,351,7
4010,1975,6517,7
729,1650,48,7
2506,1900,455,7
3739,1975,48,7
2598,1900,1651,7
1215,1750,538,7
924,1675,1568,7
1887,1850,138,6
2920,1925,1041,6
2464,1900,230,6
1959,1850,672,6
1757,1825,477,6
3707,1950,49707,6
3666,1950,37506,6
1117,1725,1303,6
3703,1950,49113,6
1762,1825,514,6
877,1675,35,6
694,1625,21894,6
185,1500,1296,6
3700,1950,48465,6
2961,1925,1555,6
2154,1875,285,6
3699,1950,47668,6
2720,1900,33083,6
4840,2025,46388,6
1774,1825,818,6
2704,1900,30277,6
2164,1875,330,6
2886,1925,556,6
2755,1900,50234,6
1377,1775,584,6
410,1575,216,6
3977,1975,2863,6
259,1525,465,6
3730,1950,52164,6
2821,1925,230,6
3566,1950,23952,6
3565,1950,23895,6
4416,2000,1163,6
2836,1925,317,6
3559,1950,23160,6
1422,1775,1676,6
3840,1975,550,6
2781,1925,62,6
1015,1700,1303,6
559,1600,18314,6
4774,2025,441,6
1427,1775,4475,6
1942,1850,501,6
2216,1875,672,6
4754,2000,52099,6
4668,2000,35419,6
285,1525,9808,6
3355,1950,1022,6
2883,1925,546,6
4585,2000,24892,6
1463,1775,23749,6
4128,1975,23003,6
871,1650,50098,6
4051,1975,10715,6
4584,2000,24658,6
1664,1800,23749,6
2341,1875,30027,6
4091,1975,16652,6
2085,1850,37573,6
3087,1925,23895,6
3208,1925,51064,6
4022,1975,6937,6
4706,2000,38913,6
2004,1850,12564,6
1494,1775,38134,6
4539,2000,18168,6
4150,1975,24436,6
2088,1850,38630,6
4475,2000,6902,6
385,1550,23172,6
3684,1950,45011,6
2799,1925,130,6
2372,1875,37510,6
3923,1975,1533,6
2438,1900,153,6
3782,1975,252,6
3435,1950,1996,6
4333,1975,47497,6
351,1550,1010,6
3419,1950,1641,6
2425,1900,90,6
3158,1925,35280,6
3925,1975,1539,6
4336,1975,47587,6
2020,1850,17722,6
3934,1975,1588,6
1239,1750,1290,6
3770,1975,192,6
4643,2000,31703,6
4005,1975,6157,6
3172,1925,37625,6
3639,1950,34427,6
4671,2000,36015,6
2100,1850,50234,6
4801,2025,22917,6
488,1575,50526,6
2687,1900,27063,6
4146,1975,24045,6
1975,1850,1297,6
4631,2000,31331,6
2108,1875,35,6
4632,2000,31350,6
2680,1900,25003,6
3025,1925,13702,6
3486,1950,12277,6
1056,1700,48870,6
1055,1700,48860,6
2535,1900,625,5
519,1600,455,5
2693,1900,28418,5
3761,1975,148,5
2735,1900,37573,5
2336,1875,29608,5
3821,1975,478,5
2703,1900,30271,5
2554,1900,1011,5
2695,1900,28749,5
4618,2000,30374,5
2274,1875,12564,5
1632,1800,4475,5
2277,1875,13961,5
908,1675,672,5
897,1675,426,5
3717,1950,50740,5
368,1550,9808,5
2491,1900,386,5
1416,1775,1553,5
4102,1975,17809,5
1512,1800,48,5
3743,1975,62,5
3588,1950,27831,5
1609,1800,1290,5
2528,1900,584,5
4172,1975,27535,5
2470,1900,259,5
886,1675,211,5
4176,1975,27831,5
932,1675,9926,5
3603,1950,30299,5
4098,1975,17611,5
3812,1975,438,5
4735,2000,48903,5
3609,1950,30776,5
979,1700,106,5
380,1550,18165,5
3586,1950,27781,5
961,1675,35798,5
4180,1975,27872,5
284,1525,7193,5
2288,1875,17722,5
2776,1925,48,5
4427,2000,1600,5
437,1575,1238,5
4089,1975,16609,5
2287,1875,17716,5
937,1675,14034,5
2371,1875,37368,5
2381,1875,46033,5
1023,1700,7190,5
1705,1825,94,5
2024,1850,19418,5
759,1650,333,5
1088,1725,441,5
3153,1925,34845,5
3152,1925,34844,5
2040,1850,23407,5
3421,1950,1645,5
769,1650,455,5
1833,1825,22725,5
656,1625,1296,5
1242,1750,1303,5
1828,1825,18314,5
3924,1975,1535,5
783,1650,671,5
1823,1825,17142,5
118,1475,441,5
3465,1950,9709,5
4344,1975,49113,5
4269,1975,36820,5
2092,1850,46436,5
3909,1975,1317,5
3905,1975,1294,5
3035,1925,15257,5
3030,1925,14020,5
4559,2000,22329,5
1793,1825,1283,5
76,1425,427,5
4003,1975,6055,5
1291,1750,31127,5
2012,1850,14440,5
3329,1950,597,5
4512,2000,12795,5
1139,1725,17142,5
1142,1725,18314,5
8,25,193,5
1949,1850,569,5
1892,1850,192,5
1159,1725,35798,5
3955,1975,1684,5
3365,1950,1079,5
3271,1950,275,5
4499,2000,11087,5
745,1650,216,5
1119,1725,1305,5
3262,1950,229,5
29,1200,2718,5
4298,1975,39215,5
3378,1950,1203,5
41,1275,2718,5
3390,1950,1402,5
1991,1850,1829,5
4291,1975,38358,5
681,1625,14034,5
4540,2000,18314,5
57,1350,2718,5
2111,1875,52,5
3462,1950,7178,5
4447,2000,2718,5
2983,1925,1734,5
2833,1925,292,5
2840,1925,329,5
4579,2000,24233,5
598,1625,37,5
2967,1925,1600,5
184,1500,1290,5
1374,1775,570,5
849,1650,30255,5
4047,1975,10218,5
2945,1925,1297,5
2935,1925,1163,5
2861,1925,431,5
3858,1975,775,5
1738,1825,311,5
4234,1975,34338,5
4233,1975,34140,5
2175,1875,403,5
1389,1775,672,5
4767,2025,9,5
1307,1750,48870,5
4575,2000,23782,5
537,1600,1290,5
3573,1950,25186,5
1403,1775,1186,5
1299,1750,37005,5
901,1675,455,4
2250,1875,1629,4
432,1575,917,4
1981,1850,1534,4
1986,1850,1629,4
1926,1850,403,4
2252,1875,1651,4
1869,1825,47746,4
906,1675,584,4
915,1675,1283,4
1739,1825,328,4
900,1675,454,4
516,1600,441,4
3724,1950,51996,4
4456,2000,5382,4
1912,1850,306,4
4496,2000,10787,4
2240,1875,1513,4
3744,1975,74,4
2286,1875,17142,4
853,1650,35620,4
3737,1975,39,4
1948,1850,556,4
3960,1975,1829,4
3738,1975,46,4
1720,1825,192,4
2273,1875,12458,4
899,1675,441,4
855,1650,36526,4
1724,1825,199,4
1973,1850,1290,4
1591,1800,639,4
2480,1900,332,4
730,1650,62,4
1877,1850,35,4
4113,1975,20108,4
4465,2000,6664,4
758,1650,328,4
439,1575,1303,4
533,1600,1050,4
2086,1850,38134,4
2379,1875,38630,4
3793,1975,320,4
3912,1975,1402,4
4578,2000,24202,4
493,1600,37,4
4461,2000,6046,4
1665,1800,23895,4
2368,1875,37005,4
1802,1825,1555,4
3891,1975,1137,4
4636,2000,31388,4
1801,1825,1538,4
2363,1875,35798,4
2362,1875,35184,4
486,1575,48860,4
1656,1800,19896,4
798,1650,1290,4
814,1650,4475,4
1791,1825,1186,4
2122,1875,104,4
2070,1850,31292,4
2068,1850,30875,4
1857,1825,30875,4
2066,1850,30413,4
446,1575,1829,4
2016,1850,16609,4
2125,1875,135,4
2163,1875,328,4
1759,1825,501,4
503,1600,216,4
2326,1875,27063,4
2159,1875,317,4
2416,1900,62,4
4103,1975,17843,4
764,1650,425,4
4085,1975,15541,4
4551,2000,20770,4
4485,2000,9748,4
2054,1850,27757,4
3879,1975,1034,4
1636,1800,9808,4
2058,1850,28975,4
1770,1825,601,4
2391,1875,50789,4
820,1650,9808,4
1667,1800,24254,4
4154,1975,24922,4
1581,1800,538,4
1046,1700,32934,4
4230,1975,33073,4
3520,1950,17611,4
3518,1950,17251,4
1336,1775,230,4
192,1500,1829,4
2952,1925,1445,4
2960,1925,1552,4
2962,1925,1562,4
1313,1775,37,4
4799,2025,19888,4
2500,1900,426,4
1297,1750,36526,4
3001,1925,7178,4
1289,1750,30083,4
3019,1925,12564,4
3020,1925,12593,4
3023,1925,13224,4
1275,1750,23019,4
3046,1925,17722,4
1266,1750,18501,4
2907,1925,858,4
2899,1925,630,4
3062,1925,20175,4
270,1525,1005,4
2762,1900,52072,4
3591,1950,27871,4
4198,1975,30767,4
1424,1775,1829,4
1004,1700,639,4
4201,1975,30949,4
1418,1775,1564,4
278,1525,1534,4
1413,1775,1534,4
4745,2000,51178,4
3537,1950,20175,4
2807,1925,168,4
3569,1950,24322,4
4749,2000,51879,4
3554,1950,22964,4
2849,1925,382,4
4222,1975,32857,4
1373,1775,544,4
242,1525,276,4
2880,1925,536,4
1265,1750,18314,4
1065,1725,110,4
3606,1950,30413,4
1164,1725,46560,4
3384,1950,1297,4
37,1275,35,4
1115,1725,1290,4
3242,1950,116,4
3373,1950,1163,4
1172,1750,42,4
3371,1950,1147,4
3267,1950,259,4
1166,1725,48860,4
1120,1725,1534,4
1193,1750,340,4
3277,1950,327,4
4305,1975,45011,4
3289,1950,403,4
3310,1950,501,4
7,-100,9926,4
3346,1950,946,4
1128,1725,9926,4
1129,1725,10026,4
3340,1950,775,4
47,1300,2718,4
53,1350,427,4
1070,1725,216,4
4839,2025,46023,4
1071,1725,229,4
4825,2025,36350,4
1074,1725,257,4
1249,1750,4475,4
3448,1950,3368,4
102,1450,14440,4
1232,1750,950,4
4838,2025,45033,4
1225,1750,639,4
1220,1750,584,4
54,1350,606,4
1090,1725,455,4
4330,1975,47394,4
3166,1925,36526,4
1097,1725,544,4
75,1425,278,4
3171,1925,37573,4
70,1400,9926,4
60,1375,427,4
1197,1750,399,4
289,1525,13179,4
3974,1975,2709,4
3688,1950,46178,4
1489,1775,37252,4
3671,1950,38134,4
2636,1900,13961,4
3708,1950,49762,4
1557,1800,397,4
4682,2000,37094,4
1551,1800,279,4
3653,1950,35441,4
2692,1900,28255,4
2537,1900,630,4
2653,1900,19418,4
2540,1900,639,4
4685,2000,37573,4
2702,1900,30149,4
4144,1975,23897,4
3674,1950,38361,4
4389,2000,165,4
4179,1975,27870,4
4693,2000,38124,4
4178,1975,27869,4
4403,2000,547,4
2668,1900,23321,4
2579,1900,1513,4
3635,1950,34338,4
3675,1950,38632,4
2602,1900,1673,4
933,1675,10026,4
2517,1900,501,4
954,1675,26158,4
1457,1775,23019,4
344,1550,508,4
4407,2000,639,4
2731,1900,37005,4
2707,1900,30413,4
2613,1900,7169,4
3661,1950,36820,4
4411,2000,912,4
2515,1900,494,4
2082,1850,35953,3
3143,1925,32739,3
648,1625,960,3
722,1625,48860,3
646,1625,672,3
355,1550,1296,3
3662,1950,36938,3
2411,1900,43,3
649,1625,966,3
4545,2000,19888,3
345,1550,518,3
3057,1925,20071,3
3052,1925,18765,3
138,1475,9926,3
2046,1850,24932,3
3426,1950,1676,3
4550,2000,20769,3
3069,1925,21970,3
362,1550,1661,3
655,1625,1290,3
3100,1925,27042,3
116,1475,426,3
3756,1975,125,3
374,1550,13179,3
4830,2025,38240,3
354,1550,1290,3
3123,1925,30149,3
4553,2000,21223,3
3126,1925,30277,3
2588,1900,1555,3
2050,1850,26820,3
4651,2000,33080,3
86,1450,426,3
2026,1850,20175,3
3799,1975,376,3
2570,1900,1296,3
710,1625,36526,3
3710,1950,50083,3
405,1575,110,3
4526,2000,15326,3
4524,2000,15257,3
3284,1950,376,3
1952,1850,584,3
3351,1950,992,3
3349,1950,990,3
1937,1850,473,3
3712,1950,50234,3
4517,2000,13222,3
24,1150,2718,3
417,1575,441,3
3715,1950,50525,3
3716,1950,50652,3
3322,1950,556,3
1927,1850,408,3
3,-300,9926,3
4509,2000,12449,3
1917,1850,328,3
3328,1950,596,3
2505,1900,454,3
1963,1850,830,3
2472,1900,290,3
383,1550,20021,3
390,1550,36526,3
670,1625,4475,3
3686,1950,46029,3
3174,1925,37736,3
678,1625,11857,3
61,1375,2718,3
140,1475,14034,3
3399,1950,1552,3
3213,1925,52100,3
2003,1850,12224,3
2000,1850,10491,3
4683,2000,37190,3
1968,1850,1050,3
3224,1950,35,3
44,1300,427,3
43,1300,35,3
4859,2025,50918,3
3948,1975,1653,3
1977,1850,1305,3
3742,1975,58,3
1974,1850,1296,3
32,1225,2718,3
3706,1950,49706,3
3769,1975,191,3
467,1575,21517,3
3904,1975,1293,3
2347,1875,30413,3
2698,1900,29608,3
254,1525,427,3
252,1525,403,3
2344,1875,30277,3
553,1600,12466,3
2232,1875,1283,3
4751,2000,51975,3
2845,1925,351,3
3555,1950,23032,3
4630,2000,31292,3
554,1600,14034,3
307,1525,38134,3
540,1600,1303,3
4599,2000,26998,3
3842,1975,572,3
2851,1925,384,3
562,1600,20021,3
563,1600,21018,3
3549,1950,22224,3
566,1600,21894,3
570,1600,23172,3
2859,1925,427,3
4593,2000,26356,3
2202,1875,573,3
257,1525,455,3
262,1525,514,3
3036,1925,15484,3
3613,1950,31177,3
2325,1875,26958,3
502,1600,211,3
3604,1950,30322,3
2754,1900,50030,3
2759,1900,50844,3
293,1525,18165,3
2303,1875,22582,3
499,1600,142,3
511,1600,402,3
287,1525,10026,3
2331,1875,27872,3
497,1600,90,3
3834,1975,524,3
3797,1975,342,3
2782,1925,64,3
4617,2000,30299,3
523,1600,508,3
3620,1950,31531,3
3584,1950,27346,3
3626,1950,32857,3
2795,1925,110,3
2256,1875,1829,3
3577,1950,26356,3
2700,1900,29797,3
313,1550,9,3
2872,1925,501,3
4760,2000,52464,3
631,1625,425,3
176,1500,584,3
3491,1950,12844,3
164,1500,403,3
2131,1875,159,3
616,1625,229,3
2128,1875,153,3
2635,1900,13702,3
2999,1925,7168,3
2632,1900,12564,3
152,1500,151,3
4562,2000,22380,3
2113,1875,67,3
2191,1875,473,3
2112,1875,62,3
337,1550,403,3
3482,1950,11671,3
3018,1925,12458,3
636,1625,455,3
4561,2000,22379,3
2741,1900,38436,3
3900,1975,1272,3
339,1550,427,3
4560,2000,22378,3
143,1475,20021,3
2388,1875,50234,3
2980,1925,1659,3
3499,1950,13969,3
180,1500,1005,3
3863,1975,923,3
4589,2000,25656,3
2184,1875,454,3
3536,1950,20125,3
3634,1950,34336,3
585,1600,37252,3
2673,1900,23749,3
2671,1900,23655,3
2173,1875,398,3
3524,1950,17809,3
3874,1975,995,3
3638,1950,34414,3
203,1500,14034,3
3875,1975,998,3
202,1500,14025,3
589,1600,46560,3
2949,1925,1317,3
2658,1900,21018,3
188,1500,1534,3
3649,1950,35419,3
2966,1925,1583,3
2968,1925,1609,3
3501,1950,14034,3
2904,1925,713,3
1132,1725,12466,3
1684,1800,37573,3
1480,1775,30670,3
1506,1775,52737,3
1260,1750,14825,3
1263,1750,17722,3
1501,1775,48860,3
1497,1775,46323,3
963,1675,38134,3
1816,1825,13179,3
972,1700,9,3
1690,1800,48449,3
4013,1975,6702,3
4025,1975,7169,3
1691,1800,48860,3
788,1650,950,3
1053,1700,46416,3
4174,1975,27759,3
1696,1825,9,3
1294,1750,35270,3
1799,1825,1305,3
1836,1825,23321,3
1072,1725,230,3
943,1675,18314,3
879,1675,48,3
944,1675,19896,3
4148,1975,24322,3
1660,1800,23019,3
1219,1750,570,3
1222,1750,611,3
1859,1825,34346,3
4401,2000,501,3
1854,1825,30049,3
878,1675,37,3
1510,1800,37,3
1522,1800,110,3
4007,1975,6513,3
1671,1800,28975,3
1237,1750,1283,3
952,1675,24254,3
1247,1750,1676,3
1514,1800,62,3
1841,1825,24202,3
980,1700,110,3
4472,2000,6782,3
1792,1825,1279,3
4370,1975,52100,3
4459,2000,5988,3
1430,1775,9808,3
1429,1775,9797,3
1754,1825,454,3
4360,1975,50652,3
1620,1800,1555,3
1414,1775,1543,3
1005,1700,672,3
1410,1775,1304,3
1790,1825,1168,3
4368,1975,52007,3
1371,1775,538,3
1399,1775,1043,3
1734,1825,264,3
1014,1700,1296,3
4366,1975,51832,3
843,1650,23019,3
838,1650,21222,3
4372,1975,52165,3
996,1700,427,3
1716,1825,168,3
1032,1700,19896,3
4351,1975,49835,3
4248,1975,35162,3
4354,1975,50077,3
1784,1825,1050,3
4034,1975,9741,3
1037,1700,22725,3
860,1650,38134,3
988,1700,290,3
1709,1825,110,3
819,1650,9091,3
1334,1775,223,3
1335,1775,229,3
859,1650,38120,3
4195,1975,30413,3
1341,1775,306,3
4042,1975,10037,3
1033,1700,20021,3
1535,1800,211,3
1390,1775,713,3
1155,1725,31127,3
4424,2000,1552,3
4130,1975,23035,3
1177,1750,110,3
4319,1975,46883,3
728,1650,37,3
4138,1975,23541,3
1576,1800,514,3
1627,1800,1676,3
3984,1975,3962,3
1628,1800,1829,3
888,1675,239,3
4493,2000,10218,3
4404,2000,550,3
1895,1850,199,3
1896,1850,211,3
935,1675,12466,3
1897,1850,216,3
4293,1975,38583,3
1587,1800,584,3
903,1675,501,3
1586,1800,570,3
1863,1825,37252,3
1621,1800,1565,3
1545,1800,243,3
941,1675,17722,3
4108,1975,18911,3
4412,2000,923,3
921,1675,1305,3
420,1575,469,2
1447,1775,17808,2
2738,1900,38150,2
2494,1900,392,2
4419,2000,1303,2
3722,1950,51832,2
987,1700,254,2
422,1575,508,2
3610,1950,30875,2
423,1575,514,2
4194,1975,30322,2
2476,1900,306,2
2489,1900,377,2
4414,2000,1011,2
2723,1900,35272,2
4729,2000,47438,2
2719,1900,33056,2
3621,1950,31584,2
2482,1900,337,2
2716,1900,31531,2
300,1525,27449,2
2711,1900,31065,2
4731,2000,47447,2
4190,1975,30083,2
3617,1950,31366,2
3616,1950,31350,2
4418,2000,1273,2
2733,1900,37098,2
2710,1900,31058,2
2749,1900,48522,2
387,1550,24254,2
2750,1900,48860,2
442,1575,1534,2
1608,1800,1279,2
1611,1800,1297,2
4109,1975,19418,2
268,1525,918,2
1406,1775,1290,2
4746,2000,51191,2
264,1525,584,2
2440,1900,155,2
4209,1975,31292,2
4653,2000,33090,2
3602,1950,30157,2
4747,2000,51462,2
2816,1925,209,2
4210,1975,31350,2
1618,1800,1534,2
1396,1775,957,2
3754,1975,116,2
2822,1925,250,2
447,1575,1849,2
1392,1775,851,2
2791,1925,104,2
2789,1925,101,2
277,1525,1303,2
3583,1950,27089,2
2758,1900,50668,2
2466,1900,253,2
995,1700,426,2
982,1700,176,2
2465,1900,241,2
1436,1775,12466,2
4420,2000,1320,2
1435,1775,12389,2
3740,1975,54,2
2459,1900,216,2
2458,1900,212,2
429,1575,684,2
4737,2000,49531,2
2772,1925,33,2
3590,1950,27870,2
1002,1700,538,2
1425,1775,1848,2
1605,1800,1120,2
279,1525,1552,2
2709,1900,30875,2
2697,1900,29501,2
3721,1950,51633,2
392,1550,37368,2
950,1675,23019,2
361,1550,1552,2
360,1550,1534,2
393,1550,38120,2
1548,1800,264,2
3665,1950,37226,2
2601,1900,1666,2
1517,1800,90,2
2603,1900,1676,2
352,1550,1099,2
3697,1950,47497,2
2611,1900,2719,2
2615,1900,7178,2
1552,1800,290,2
4398,2000,442,2
4162,1975,26353,2
342,1550,455,2
1554,1800,306,2
3701,1950,48647,2
3695,1950,47248,2
364,1550,1829,2
2706,1900,30374,2
3670,1950,38105,2
2568,1900,1273,2
2560,1900,1058,2
1542,1800,232,2
1544,1800,236,2
1546,1800,254,2
3689,1950,46256,2
375,1550,14025,2
2576,1900,1445,2
945,1675,20021,2
2550,1900,896,2
3691,1950,46560,2
371,1550,10740,2
2547,1900,830,2
3693,1950,46863,2
2584,1900,1531,2
1524,1800,143,2
2545,1900,713,2
367,1550,7193,2
2543,1900,672,2
2621,1900,9797,2
4703,2000,38642,2
397,1575,9,2
1505,1775,50418,2
318,1550,48,2
1574,1800,501,2
923,1675,1555,2
317,1550,46,2
2677,1900,24052,2
4385,2000,109,2
1473,1775,27063,2
3631,1950,33090,2
1579,1800,530,2
2686,1900,27044,2
310,1525,48448,2
308,1525,38220,2
975,1700,48,2
4383,2000,90,2
2696,1900,28975,2
304,1525,35566,2
1460,1775,23541,2
4187,1975,29937,2
2705,1900,30299,2
1572,1800,480,2
4408,2000,713,2
2666,1900,23040,2
4677,2000,36752,2
723,1625,48870,2
2626,1900,10740,2
1391,1775,819,2
1503,1775,50234,2
3655,1950,35545,2
2630,1900,12396,2
4395,2000,403,2
960,1675,35270,2
3654,1950,35505,2
2665,1900,23019,2
929,1675,4475,2
331,1550,268,2
2649,1900,17808,2
1492,1775,37573,2
2654,1900,19896,2
1491,1775,37368,2
2657,1900,20532,2
322,1550,110,2
955,1675,26420,2
4362,1975,51103,2
1386,1775,640,2
1229,1750,819,2
3147,1925,33056,2
1218,1750,556,2
3415,1950,1637,2
3161,1925,35578,2
4842,2025,46999,2
3414,1950,1634,2
3412,1950,1625,2
1205,1750,437,2
1204,1750,432,2
71,1400,20021,2
69,1400,7175,2
3182,1925,38734,2
4848,2025,48647,2
65,1400,631,2
3403,1950,1568,2
3192,1925,47248,2
4325,1975,47248,2
1104,1725,824,2
3195,1925,47746,2
3201,1925,49681,2
3202,1925,49762,2
3203,1925,50079,2
3204,1925,50234,2
1199,1750,418,2
3209,1925,51103,2
1227,1750,672,2
3136,1925,31464,2
3073,1925,22725,2
3135,1925,31370,2
3080,1925,23203,2
3081,1925,23321,2
1073,1725,254,2
114,1475,211,2
1252,1750,9808,2
3086,1925,23762,2
111,1475,151,2
3089,1925,23952,2
3090,1925,24052,2
4826,2025,36525,2
3095,1925,25191,2
105,1450,38134,2
4275,1975,37573,2
1077,1725,303,2
3109,1925,28177,2
97,1450,1829,2
95,1450,1290,2
94,1450,1050,2
3118,1925,29735,2
3437,1950,2311,2
1236,1750,1238,2
1234,1750,1186,2
1082,1725,422,2
4281,1975,38121,2
3427,1950,1677,2
3210,1925,51633,2
1109,1725,957,2
1194,1750,345,2
3216,1925,52738,2
3363,1950,1075,2
1160,1725,36526,2
1158,1725,35270,2
1121,1725,1629,2
3357,1950,1041,2
3294,1950,427,2
3298,1950,448,2
3302,1950,455,2
1151,1725,26420,2
9,25,672,2
3306,1950,470,2
1149,1725,24920,2
3311,1950,504,2
4315,1975,46799,2
4882,2025,52826,2
3314,1950,514,2
3315,1950,517,2
1145,1725,21018,2
3345,1950,924,2
1143,1725,18501,2
3324,1950,565,2
3342,1950,825,2
1131,1725,11452,2
1134,1725,14034,2
3331,1950,618,2
1161,1725,37573,2
3367,1950,1116,2
4868,2025,51984,2
4296,1975,38913,2
49,1325,193,2
4292,1975,38361,2
46,1300,631,2
1110,1725,966,2
45,1300,556,2
3227,1950,62,2
1112,1725,1037,2
1113,1725,1274,2
1185,1750,229,2
1184,1750,216,2
1183,1750,211,2
4864,2025,51516,2
4300,1975,40717,2
1175,1750,105,2
3374,1950,1167,2
3254,1950,183,2
3256,1950,190,2
1173,1750,48,2
26,1175,2718,2
25,1175,631,2
1171,1750,37,2
3263,1950,230,2
3264,1950,231,2
1118,1725,1304,2
3075,1925,23040,2
1069,1725,211,2
1010,1700,966,2
2895,1925,611,2
1026,1700,12466,2
1027,1700,14034,2
1352,1775,422,2
1030,1700,17722,2
2911,1925,943,2
1346,1775,358,2
1342,1775,312,2
4358,1975,50466,2
208,1500,20021,2
2927,1925,1075,2
1339,1775,285,2
205,1500,17808,2
3512,1950,16609,2
4237,1975,34642,2
3511,1950,16177,2
2939,1925,1245,2
4239,1975,34706,2
2941,1925,1279,2
2943,1925,1281,2
4240,1975,34741,2
4787,2025,9672,2
2947,1925,1307,2
190,1500,1565,2
189,1500,1552,2
4246,1975,35146,2
229,1525,54,2
2890,1925,570,2
121,1475,508,2
2889,1925,568,2
2837,1925,326,2
2838,1925,327,2
1013,1700,1290,2
3553,1950,22849,2
1376,1775,582,2
3552,1950,22725,2
1372,1775,541,2
246,1525,333,2
3548,1950,21971,2
1370,1775,533,2
244,1525,290,2
1369,1775,531,2
2860,1925,430,2
3547,1950,21939,2
3544,1950,21728,2
4757,2000,52163,2
4758,2000,52181,2
238,1525,211,2
2876,1925,514,2
2877,1925,522,2
2879,1925,534,2
3538,1950,21018,2
1360,1775,452,2
4228,1975,33049,2
3535,1950,20108,2
1322,1775,161,2
2964,1925,1570,2
3502,1950,14440,2
2974,1925,1637,2
3478,1950,11115,2
4811,2025,31370,2
144,1475,23172,2
4265,1975,36257,2
1280,1750,25464,2
141,1475,18165,2
1277,1750,23895,2
3037,1925,16029,2
3038,1925,16177,2
3040,1925,16652,2
1058,1725,9,2
136,1475,7175,2
134,1475,1829,2
3047,1925,17809,2
133,1475,1668,2
131,1475,1534,2
1270,1750,21018,2
130,1475,1296,2
1269,1750,20021,2
1062,1725,90,2
3058,1925,20077,2
1262,1750,17142,2
3064,1925,20770,2
4821,2025,35545,2
3464,1950,9672,2
3479,1950,11317,2
3480,1950,11318,2
4810,2025,31350,2
1301,1750,38120,2
1314,1775,42,2
3498,1950,13961,2
2977,1925,1651,2
4352,1975,49956,2
3497,1950,13702,2
2982,1925,1666,2
1045,1700,26820,2
2985,1925,1813,2
2986,1925,1829,2
1306,1750,48860,2
1049,1700,35798,2
1298,1750,36532,2
4262,1975,35987,2
3489,1950,12564,2
158,1500,199,2
3487,1950,12385,2
4805,2025,26190,2
3005,1925,9739,2
3006,1925,9760,2
154,1500,184,2
1050,1700,38120,2
4808,2025,27063,2
3015,1925,11741,2
3017,1925,12396,2
2431,1900,107,2
2233,1875,1290,2
450,1575,7193,2
2194,1875,501,2
2428,1900,104,2
2174,1875,402,2
3868,1975,982,2
1746,1825,415,2
2181,1875,431,2
577,1600,28854,2
2189,1875,468,2
1740,1825,335,2
2192,1875,475,2
4590,2000,26025,2
2118,1875,81,2
3854,1975,677,2
1735,1825,277,2
3850,1975,626,2
2211,1875,625,2
845,1650,23749,2
4059,1975,11317,2
564,1600,21222,2
4060,1975,11318,2
4449,2000,2863,2
2167,1875,361,2
2165,1875,332,2
826,1650,12466,2
825,1650,12389,2
2120,1875,94,2
624,1625,328,2
620,1625,290,2
2127,1875,144,2
1781,1825,1038,2
4036,1975,9752,2
4037,1975,9763,2
4462,2000,6157,2
818,1650,7193,2
2140,1875,199,2
2141,1875,203,2
601,1625,62,2
599,1625,46,2
1769,1825,599,2
596,1625,29,2
3885,1975,1079,2
4043,1975,10095,2
590,1600,48860,2
3876,1975,999,2
2219,1875,830,2
4062,1975,11741,2
1725,1825,211,2
2276,1875,13323,2
4078,1975,14020,2
3817,1975,457,2
518,1600,454,2
517,1600,446,2
2291,1875,19418,2
2293,1875,20175,2
514,1600,427,2
2295,1875,20421,2
2296,1875,20532,2
3814,1975,443,2
4440,2000,1913,2
1687,1800,38734,2
4439,2000,1903,2
2306,1875,23019,2
2308,1875,23173,2
3809,1975,433,2
3808,1975,429,2
4438,2000,1895,2
4623,2000,30819,2
2278,1875,14020,2
4443,2000,2242,2
1723,1825,197,2
861,1650,38220,2
2227,1875,1050,2
2228,1875,1058,2
4448,2000,2724,2
4064,1975,12389,2
1133,1725,13179,2
4603,2000,27831,2
1714,1825,157,2
4604,2000,27961,2
545,1600,1829,2
858,1650,37573,2
2254,1875,1676,2
1703,1825,52,2
531,1600,917,2
2261,1875,7169,2
2262,1875,7171,2
3827,1975,501,2
3825,1975,491,2
526,1600,594,2
3823,1975,483,2
625,1625,333,2
808,1650,1534,2
4081,1975,14825,2
1997,1850,7193,2
1969,1850,1128,2
1971,1850,1279,2
1878,1850,46,2
3993,1975,5121,2
1873,1825,50234,2
1982,1850,1552,2
3946,1975,1645,2
4534,2000,17251,2
1992,1850,2500,2
1865,1825,38134,2
1800,1825,1534,2
752,1650,268,2
4000,1975,5797,2
3939,1975,1604,2
3938,1975,1603,2
2009,1850,13701,2
2010,1850,13961,2
1858,1825,31127,2
2014,1850,15728,2
675,1625,9926,2
743,1650,196,2
1884,1850,106,2
697,1625,23749,2
4528,2000,16503,2
1918,1850,332,2
4510,2000,12564,2
1925,1850,398,2
1907,1850,282,2
3982,1975,3767,2
3967,1975,2227,2
3966,1975,2136,2
3962,1975,1913,2
3961,1975,1890,2
4522,2000,14435,2
1894,1850,195,2
3958,1975,1769,2
733,1650,73,2
703,1625,30413,2
1955,1850,628,2
3952,1975,1672,2
1961,1850,815,2
1962,1850,818,2
4502,2000,11249,2
1853,1825,29797,2
1851,1825,29501,2
3935,1975,1596,2
2061,1850,29797,2
4482,2000,9672,2
2065,1850,30367,2
1821,1825,15728,2
784,1650,672,2
4479,2000,7169,2
787,1650,896,2
3919,1975,1515,2
4024,1975,7168,2
2081,1850,35798,2
642,1625,584,2
789,1650,951,2
1811,1825,9808,2
1810,1825,7193,2
796,1650,1137,2
1806,1825,1849,2
1805,1825,1829,2
2099,1850,49582,2
1804,1825,1612,2
2101,1850,50726,2
2062,1850,30049,2
2060,1850,29172,2
1848,1825,27463,2
777,1650,604,2
4008,1975,6515,2
668,1625,1829,2
2028,1850,20421,2
2029,1850,20770,2
2031,1850,21018,2
667,1625,1819,2
2033,1850,21517,2
3932,1975,1568,2
762,1650,403,2
3930,1975,1555,2
3929,1975,1552,2
2041,1850,23541,2
661,1625,1534,2
2045,1850,24355,2
4012,1975,6552,2
3927,1975,1542,2
2052,1850,27063,2
2056,1850,28623,2
2057,1850,28749,2
2317,1875,24932,2
827,1650,13179,2
2404,1900,28,2
1655,1800,19613,2
4433,2000,1683,2
2369,1875,37252,2
2387,1875,49675,2
1672,1800,29797,2
1662,1800,23173,2
484,1575,46933,2
490,1600,9,2
458,1575,13179,2
2374,1875,38124,2
1633,1800,7193,2
2376,1875,38150,2
3800,1975,377,2
3776,1975,211,2
2349,1875,30712,2
1680,1800,35798,2
2419,1900,68,2
2334,1875,29124,2
482,1575,46560,2
1669,1800,26420,2
3792,1975,306,2
892,1675,402,2
2393,1875,51640,2
4635,2000,31381,2
887,1675,216,2
1630,1800,1894,2
2396,1875,52110,2
1650,1800,17142,2
1657,1800,21018,2
462,1575,16981,2
1625,1800,1629,2
2338,1875,29797,2
463,1575,17722,2
1670,1800,27063,2
464,1575,18165,2
477,1575,37030,2
2403,1900,24,2
2405,1900,29,2
2423,1900,88,2
2354,1875,31306,2
4639,2000,31531,2
473,1575,31306,2
2424,1900,89,2
4432,2000,1680,2
2322,1875,26420,2
881,1675,110,2
3449,1950,3449,1
3729,1950,52161,1
4541,2000,18765,1
4836,2025,42751,1
4340,1975,48648,1
3423,1950,1660,1
4101,1975,17769,1
3731,1950,52165,1
3424,1950,1665,1
4125,1975,22329,1
4829,2025,38213,1
3447,1950,3190,1
3728,1950,52160,1
4284,1975,38130,1
4827,2025,37646,1
4547,2000,20108,1
4277,1975,37652,1
3453,1950,4526,1
3931,1975,1561,1
4335,1975,47509,1
3727,1950,52159,1
3422,1950,1650,1
4274,1975,37226,1
4011,1975,6523,1
4334,1975,47508,1
3455,1950,5380,1
3735,1975,15,1
3420,1950,1644,1
4120,1975,21331,1
3446,1950,3127,1
4339,1975,48647,1
3425,1950,1675,1
4837,2025,42754,1
3766,1975,172,1
4123,1975,21744,1
3428,1950,1686,1
4834,2025,38913,1
4122,1975,21517,1
4835,2025,41537,1
3436,1950,2136,1
4548,2000,20167,1
3430,1950,1790,1
3431,1950,1802,1
3767,1975,187,1
4543,2000,19576,1
3432,1950,1813,1
3434,1950,1896,1
4124,1975,21959,1
4542,2000,18861,1
3733,1950,52662,1
4489,2000,10090,1
4283,1975,38124,1
4831,2025,38323,1
4832,2025,38558,1
4667,2000,35272,1
3442,1950,2709,1
4282,1975,38122,1
3937,1975,1601,1
3732,1950,52576,1
3933,1975,1586,1
4644,2000,32778,1
4337,1975,48450,1
3441,1950,2592,1
4833,2025,38561,1
3439,1950,2486,1
3726,1950,52158,1
4437,2000,1889,1
4425,2000,1568,1
4264,1975,36251,1
4410,2000,830,1
4260,1975,35750,1
3913,1975,1416,1
4347,1975,49582,1
3713,1950,50383,1
3914,1975,1445,1
3481,1950,11319,1
3714,1950,50511,1
3777,1975,218,1
3485,1950,12224,1
4346,1975,49569,1
3916,1975,1471,1
4676,2000,36701,1
4558,2000,22219,1
3775,1975,209,1
3920,1975,1516,1
3477,1950,11068,1
4812,2025,31531,1
3911,1975,1388,1
4807,2025,26820,1
4669,2000,35471,1
4256,1975,35528,1
3492,1950,13022,1
3902,1975,1282,1
4254,1975,35436,1
3903,1975,1291,1
4026,1975,7176,1
4255,1975,35441,1
4099,1975,17695,1
4803,2025,23321,1
4136,1975,23479,1
4258,1975,35531,1
4406,2000,605,1
3906,1975,1297,1
3907,1975,1303,1
3908,1975,1313,1
3711,1950,50172,1
4257,1975,35530,1
4806,2025,26421,1
3910,1975,1320,1
3921,1975,1528,1
4345,1975,49303,1
4675,2000,36525,1
4484,2000,9737,1
4817,2025,34994,1
3720,1950,51565,1
4019,1975,6766,1
4820,2025,35533,1
4100,1975,17716,1
4640,2000,31555,1
4018,1975,6765,1
4822,2025,35953,1
4017,1975,6764,1
4556,2000,21954,1
3463,1950,7184,1
4341,1975,48660,1
3926,1975,1540,1
3461,1950,7172,1
4016,1975,6763,1
3460,1950,7169,1
4823,2025,36002,1
4272,1975,37171,1
3467,1950,9733,1
3772,1975,198,1
3773,1975,201,1
3468,1950,9763,1
4555,2000,21851,1
4267,1975,36457,1
4554,2000,21787,1
4813,2025,31613,1
4478,2000,6941,1
3922,1975,1530,1
3473,1950,10393,1
3774,1975,208,1
4268,1975,36525,1
4428,2000,1632,1
3472,1950,10218,1
4815,2025,34493,1
3719,1950,51103,1
4480,2000,9659,1
4673,2000,36215,1
4672,2000,36168,1
3469,1950,9892,1
3723,1950,51974,1
4491,2000,10155,1
4285,1975,38134,1
4870,2025,51986,1
3750,1975,98,1
4302,1975,42881,1
3366,1950,1105,1
3959,1975,1805,1
4869,2025,51985,1
3364,1950,1077,1
4656,2000,34752,1
4521,2000,14389,1
4871,2025,51987,1
4301,1975,42764,1
3362,1950,1062,1
3758,1975,141,1
4872,2025,51988,1
3361,1950,1056,1
4873,2025,52015,1
3359,1950,1050,1
3358,1950,1044,1
4874,2025,52018,1
3749,1975,93,1
4523,2000,15254,1
4841,2025,46812,1
4299,1975,40180,1
4863,2025,51449,1
3759,1975,145,1
4645,2000,32804,1
4865,2025,51600,1
4658,2000,34768,1
4866,2025,51758,1
4111,1975,20015,1
3747,1975,83,1
3990,1975,4641,1
3370,1950,1143,1
4504,2000,11741,1
4867,2025,51779,1
3372,1950,1159,1
4525,2000,15258,1
3988,1975,4464,1
3748,1975,90,1
3987,1975,4353,1
4657,2000,34764,1
3963,1975,1941,1
4519,2000,14001,1
4876,2025,52514,1
4104,1975,18145,1
3347,1950,964,1
3969,1975,2255,1
4883,2025,52889,1
3970,1975,2285,1
4310,1975,46277,1
4511,2000,12774,1
4311,1975,46282,1
3343,1950,919,1
4507,2000,12385,1
4877,2025,52575,1
3341,1950,821,1
4313,1975,46322,1
4312,1975,46304,1
3973,1975,2559,1
4106,1975,18765,1
4508,2000,12430,1
4884,2025,52897,1
3338,1950,644,1
4107,1975,18902,1
3978,1975,3024,1
3981,1975,3550,1
4309,1975,46276,1
4317,1975,46820,1
3965,1975,2055,1
4307,1975,46256,1
4878,2025,52736,1
4879,2025,52748,1
4505,2000,12197,1
4308,1975,46275,1
4880,2025,52749,1
3353,1950,1005,1
4646,2000,32923,1
3352,1950,995,1
4506,2000,12294,1
4654,2000,34338,1
4518,2000,13609,1
3350,1950,991,1
4515,2000,13168,1
4316,1975,46806,1
4862,2025,51448,1
4861,2025,51281,1
4297,1975,39153,1
4849,2025,48693,1
3765,1975,165,1
4326,1975,47289,1
3409,1950,1602,1
3407,1950,1588,1
3764,1975,164,1
4847,2025,48064,1
4538,2000,17843,1
3943,1975,1626,1
3404,1950,1571,1
3398,1950,1549,1
4536,2000,17611,1
4850,2025,49763,1
3402,1950,1562,1
3401,1950,1557,1
4535,2000,17484,1
4665,2000,35242,1
3999,1975,5670,1
3944,1975,1627,1
4846,2025,47798,1
3410,1950,1609,1
3942,1975,1624,1
4845,2025,47656,1
4286,1975,38206,1
3418,1950,1640,1
3417,1950,1639,1
4332,1975,47447,1
3416,1950,1638,1
4490,2000,10147,1
3940,1975,1607,1
4797,2025,18314,1
4843,2025,47248,1
3413,1950,1629,1
4329,1975,47361,1
4119,1975,21251,1
4844,2025,47447,1
4289,1975,38280,1
4328,1975,47354,1
4327,1975,47290,1
3941,1975,1620,1
4322,1975,47072,1
4851,2025,49764,1
4530,2000,16748,1
3385,1950,1300,1
4494,2000,10276,1
3389,1950,1322,1
3762,1975,150,1
3992,1975,4803,1
3741,1975,56,1
4498,2000,10879,1
4857,2025,50399,1
4320,1975,46890,1
4115,1975,20176,1
3397,1950,1534,1
3383,1950,1287,1
3382,1950,1273,1
3381,1950,1244,1
3380,1950,1243,1
4114,1975,20125,1
3379,1950,1233,1
3760,1975,147,1
4860,2025,51051,1
4531,2000,16819,1
3950,1975,1670,1
4856,2025,50139,1
3391,1950,1465,1
3396,1950,1525,1
3945,1975,1637,1
4117,1975,20533,1
4116,1975,20532,1
3997,1975,5564,1
4852,2025,49765,1
4533,2000,16937,1
4853,2025,49835,1
4321,1975,47049,1
3947,1975,1646,1
4532,2000,16884,1
4854,2025,50066,1
4290,1975,38357,1
3995,1975,5403,1
4855,2025,50137,1
3949,1975,1664,1
3392,1950,1470,1
3493,1950,13167,1
4137,1975,23491,1
4796,2025,17142,1
4609,2000,29353,1
4193,1975,30309,1
4611,2000,29735,1
3832,1975,520,1
3833,1975,521,1
4734,2000,48717,1
3612,1950,31067,1
4070,1975,13101,1
3611,1950,30898,1
4608,2000,29239,1
4071,1975,13165,1
4378,1975,52825,1
3608,1950,30581,1
3607,1950,30497,1
4607,2000,29227,1
4606,2000,28766,1
4400,2000,478,1
3605,1950,30374,1
4377,1975,52747,1
4733,2000,48647,1
3614,1950,31260,1
3576,1950,25799,1
4189,1975,30049,1
4613,2000,29974,1
4726,2000,46883,1
3624,1950,32739,1
3623,1950,31703,1
3673,1950,38357,1
4153,1975,24699,1
4728,2000,47060,1
4152,1975,24557,1
3829,1975,511,1
4379,1975,52837,1
4612,2000,29937,1
4072,1975,13166,1
3830,1975,517,1
3619,1950,31440,1
3618,1950,31370,1
3831,1975,519,1
3615,1950,31291,1
4191,1975,30149,1
4376,1975,52702,1
4374,1975,52606,1
4373,1975,52464,1
4740,2000,49835,1
4200,1975,30876,1
4202,1975,31074,1
4063,1975,12002,1
3678,1950,39058,1
4203,1975,31127,1
3843,1975,575,1
4598,2000,26793,1
3845,1975,591,1
4742,2000,50076,1
4692,2000,38114,1
3579,1950,26539,1
4743,2000,50234,1
3788,1975,287,1
4450,2000,3024,1
3680,1950,42734,1
3578,1950,26421,1
4205,1975,31200,1
4744,2000,50260,1
4199,1975,30875,1
3585,1950,27759,1
4739,2000,49762,1
3789,1975,294,1
3601,1950,30149,1
4605,2000,28402,1
4149,1975,24347,1
3600,1950,30083,1
4092,1975,16819,1
3598,1950,29797,1
4736,2000,49319,1
4197,1975,30521,1
3596,1950,29312,1
3595,1950,28975,1
4066,1975,12749,1
4371,1975,52110,1
3676,1950,38832,1
4601,2000,27329,1
4691,2000,38083,1
4738,2000,49704,1
3677,1950,38851,1
3826,1975,500,1
3795,1975,327,1
4614,2000,29993,1
3648,1950,35272,1
4165,1975,26479,1
4621,2000,30719,1
4394,2000,402,1
3652,1950,35436,1
3651,1950,35433,1
3650,1950,35428,1
4158,1975,25780,1
4698,2000,38285,1
4620,2000,30606,1
3643,1950,34760,1
4709,2000,39659,1
4711,2000,40827,1
3647,1950,35269,1
4697,2000,38262,1
3815,1975,447,1
4712,2000,42686,1
4083,1975,15256,1
4168,1975,26988,1
4708,2000,39215,1
4707,2000,39153,1
4159,1975,26104,1
4622,2000,30770,1
4627,2000,30959,1
3804,1975,409,1
4161,1975,26294,1
4626,2000,30911,1
4625,2000,30876,1
4624,2000,30875,1
4160,1975,26158,1
4700,2000,38629,1
3657,1950,35798,1
3802,1975,389,1
3801,1975,381,1
3810,1975,435,1
4704,2000,38688,1
4396,2000,425,1
4699,2000,38435,1
4705,2000,38854,1
3811,1975,437,1
3644,1950,35162,1
3642,1950,34750,1
4155,1975,25030,1
4616,2000,30079,1
4076,1975,13701,1
4181,1975,28065,1
4720,2000,46177,1
3669,1950,38083,1
4722,2000,46278,1
4075,1975,13609,1
4384,2000,100,1
4183,1975,28973,1
3796,1975,339,1
3641,1950,34527,1
4073,1975,13167,1
4184,1975,28984,1
4724,2000,46436,1
4185,1975,29059,1
4694,2000,38205,1
3822,1975,482,1
4188,1975,30045,1
4615,2000,30049,1
4077,1975,13707,1
3632,1950,33094,1
3633,1950,33882,1
4719,2000,46120,1
3640,1950,34493,1
4435,2000,1829,1
3816,1975,454,1
4393,2000,347,1
4387,2000,147,1
4386,2000,118,1
4171,1975,27349,1
3798,1975,371,1
4716,2000,45074,1
4441,2000,1964,1
3637,1950,34347,1
4156,1975,25155,1
4080,1975,14389,1
4087,1975,16177,1
4088,1975,16503,1
3818,1975,461,1
4177,1975,27856,1
4206,1975,31284,1
3681,1950,42747,1
4350,1975,49762,1
4096,1975,17314,1
4779,2025,2474,1
3884,1975,1061,1
4143,1975,23895,1
3515,1950,16645,1
3886,1975,1083,1
4095,1975,17251,1
4142,1975,23836,1
3888,1975,1091,1
4238,1975,34644,1
3881,1975,1045,1
4141,1975,23827,1
4097,1975,17567,1
3889,1975,1105,1
4783,2025,6747,1
4785,2025,6903,1
4786,2025,7169,1
4576,2000,23827,1
3509,1950,15541,1
3883,1975,1057,1
4777,2025,923,1
3787,1975,280,1
4045,1975,10147,1
4359,1975,50566,1
3528,1950,18765,1
4766,2000,52889,1
3527,1950,18682,1
4583,2000,24597,1
4048,1975,10219,1
4768,2025,100,1
4771,2025,272,1
4772,2025,297,1
3519,1950,17314,1
4637,2000,31464,1
3523,1950,17722,1
4044,1975,10127,1
4773,2025,403,1
4582,2000,24511,1
4775,2025,465,1
4235,1975,34344,1
4776,2025,713,1
4638,2000,31471,1
4357,1975,50275,1
4574,2000,23541,1
4678,2000,36753,1
4680,2000,36938,1
4793,2025,13609,1
4250,1975,35210,1
4251,1975,35268,1
3500,1950,14020,1
3779,1975,222,1
4702,2000,38640,1
4563,2000,22433,1
3897,1975,1188,1
4463,2000,6523,1
4467,2000,6703,1
4468,2000,6715,1
4794,2025,14034,1
4029,1975,9671,1
4028,1975,7191,1
4795,2025,14389,1
4473,2000,6888,1
4405,2000,572,1
4353,1975,50066,1
3895,1975,1178,1
4032,1975,9709,1
3503,1950,14689,1
4241,1975,34762,1
4140,1975,23749,1
4788,2025,9769,1
4569,2000,23035,1
4243,1975,34958,1
3506,1950,15095,1
4464,2000,6552,1
4356,1975,50260,1
4789,2025,10218,1
4244,1975,34959,1
4245,1975,34961,1
4791,2025,12844,1
3780,1975,247,1
3704,1950,49432,1
4355,1975,50234,1
4792,2025,13179,1
3705,1950,49497,1
3529,1950,18801,1
4765,2000,52738,1
4049,1975,10248,1
4402,2000,514,1
4215,1975,31388,1
3564,1950,23698,1
3563,1950,23655,1
3562,1950,23623,1
3860,1975,851,1
3561,1950,23541,1
3560,1950,23163,1
4591,2000,26190,1
3687,1950,46120,1
3786,1975,272,1
3862,1975,917,1
4217,1975,31471,1
4750,2000,51969,1
3557,1950,23081,1
4752,2000,52081,1
4633,2000,31352,1
4219,1975,32739,1
4221,1975,32831,1
4214,1975,31381,1
4592,2000,26226,1
3859,1975,820,1
3857,1975,741,1
4596,2000,26517,1
4686,2000,37677,1
4369,1975,52080,1
3574,1950,25191,1
3572,1950,24636,1
4207,1975,31285,1
4595,2000,26479,1
3571,1950,24635,1
3852,1975,639,1
3685,1950,45168,1
4748,2000,51832,1
4367,1975,51845,1
3855,1975,700,1
4212,1975,31375,1
3856,1975,739,1
4213,1975,31376,1
3568,1950,24052,1
4056,1975,11204,1
3785,1975,265,1
4763,2000,52606,1
3872,1975,993,1
4364,1975,51632,1
4430,2000,1669,1
4050,1975,10393,1
3869,1975,988,1
3870,1975,991,1
4361,1975,50653,1
3539,1950,21060,1
3692,1950,46807,1
4227,1975,33037,1
3864,1975,925,1
3873,1975,994,1
4094,1975,16941,1
3534,1950,20077,1
3784,1975,259,1
3694,1950,47099,1
4761,2000,52604,1
3533,1950,20018,1
4762,2000,52605,1
4226,1975,33014,1
4458,2000,5669,1
4225,1975,32989,1
3542,1950,21331,1
4753,2000,52085,1
3865,1975,930,1
3550,1950,22389,1
4455,2000,5347,1
4053,1975,11068,1
4588,2000,25362,1
3866,1975,953,1
3867,1975,955,1
4223,1975,32959,1
4587,2000,25202,1
4755,2000,52100,1
3546,1950,21906,1
4365,1975,51779,1
4684,2000,37554,1
4756,2000,52136,1
4457,2000,5562,1
3543,1950,21492,1
3975,1975,2717,1
0,-500,9926,1
3335,1950,637,1
946,1675,21222,1
992,1700,341,1
993,1700,402,1
994,1700,422,1
997,1700,441,1
998,1700,452,1
1006,1700,713,1
1007,1700,851,1
1008,1700,889,1
1009,1700,950,1
1012,1700,1050,1
1016,1700,1305,1
1017,1700,1612,1
1018,1700,1676,1
1019,1700,1829,1
1020,1700,1848,1
1021,1700,2014,1
1025,1700,10026,1
1034,1700,21018,1
1036,1700,21894,1
1038,1700,23019,1
1039,1700,23313,1
991,1700,328,1
990,1700,303,1
989,1700,292,1
967,1675,47163,1
951,1675,24202,1
953,1675,25163,1
956,1675,28418,1
957,1675,30413,1
958,1675,30958,1
962,1675,38120,1
964,1675,38216,1
965,1675,38436,1
966,1675,46560,1
968,1675,48860,1
986,1700,229,1
969,1675,49629,1
970,1675,50417,1
971,1675,52930,1
973,1700,30,1
976,1700,58,1
977,1700,65,1
978,1700,88,1
981,1700,116,1
983,1700,192,1
1040,1700,23321,1
1041,1700,23541,1
1042,1700,23749,1
1123,1725,2500,1
1102,1725,672,1
1103,1725,819,1
1105,1725,851,1
1106,1725,896,1
1107,1725,950,1
1108,1725,955,1
1114,1725,1283,1
1116,1725,1294,1
1122,1725,2465,1
1125,1725,7175,1
1099,1725,570,1
1126,1725,7193,1
1127,1725,9797,1
1130,1725,10939,1
1136,1725,14825,1
1138,1725,15989,1
1144,1725,19896,1
1147,1725,23749,1
1152,1725,27258,1
1153,1725,29735,1
1101,1725,640,1
1096,1725,542,1
1043,1700,24254,1
1068,1725,195,1
1047,1700,35270,1
1048,1700,35500,1
1051,1700,38216,1
1052,1700,45424,1
1054,1700,48573,1
1057,1700,52737,1
1061,1725,48,1
1063,1725,96,1
1066,1725,180,1
1075,1725,260,1
1095,1725,538,1
1078,1725,328,1
1079,1725,332,1
1080,1725,333,1
1081,1725,398,1
1083,1725,425,1
1086,1725,434,1
1087,1725,435,1
1092,1725,493,1
1093,1725,501,1
949,1675,22725,1
940,1675,17495,1
1156,1725,31702,1
939,1675,17142,1
800,1650,1301,1
802,1650,1304,1
803,1650,1314,1
804,1650,1322,1
805,1650,1449,1
806,1650,1532,1
807,1650,1533,1
810,1650,1648,1
811,1650,1655,1
812,1650,1829,1
815,1650,7188,1
816,1650,7189,1
817,1650,7190,1
823,1650,10939,1
829,1650,14064,1
832,1650,17142,1
835,1650,18314,1
836,1650,18799,1
837,1650,20021,1
840,1650,21751,1
842,1650,22725,1
799,1650,1296,1
795,1650,1100,1
792,1650,960,1
763,1650,422,1
748,1650,230,1
749,1650,238,1
750,1650,239,1
751,1650,259,1
753,1650,270,1
755,1650,296,1
756,1650,301,1
757,1650,306,1
761,1650,385,1
771,1650,469,1
791,1650,957,1
773,1650,558,1
774,1650,577,1
776,1650,585,1
778,1650,611,1
779,1650,616,1
782,1650,640,1
785,1650,851,1
786,1650,887,1
790,1650,955,1
844,1650,23036,1
847,1650,26867,1
848,1650,29796,1
917,1675,1296,1
896,1675,425,1
904,1675,508,1
905,1675,556,1
909,1675,966,1
911,1675,1042,1
912,1675,1043,1
913,1675,1100,1
914,1675,1116,1
916,1675,1294,1
918,1675,1297,1
894,1675,416,1
920,1675,1304,1
922,1675,1526,1
925,1675,1585,1
926,1675,1650,1
927,1675,1829,1
930,1675,7188,1
931,1675,7189,1
934,1675,10939,1
936,1675,13179,1
895,1675,422,1
893,1675,403,1
850,1650,30413,1
872,1650,50417,1
851,1650,34955,1
852,1650,35270,1
857,1650,37252,1
862,1650,38436,1
864,1650,48860,1
867,1650,49402,1
868,1650,49737,1
869,1650,49738,1
870,1650,49739,1
873,1650,50526,1
891,1675,350,1
874,1650,51182,1
875,1650,52469,1
876,1675,9,1
880,1675,73,1
882,1675,111,1
883,1675,154,1
885,1675,195,1
889,1675,290,1
890,1675,328,1
1154,1725,29819,1
1157,1725,34346,1
746,1650,217,1
1402,1775,1131,1
1469,1775,26820,1
1472,1775,27043,1
1474,1775,28033,1
1475,1775,28418,1
1476,1775,29613,1
1477,1775,30049,1
1478,1775,30277,1
1479,1775,30535,1
1481,1775,31067,1
1482,1775,31370,1
1483,1775,35379,1
1484,1775,35500,1
1485,1775,35620,1
1490,1775,37253,1
1493,1775,38120,1
1495,1775,38216,1
1496,1775,45424,1
1499,1775,47511,1
1504,1775,50388,1
1508,1800,28,1
1511,1800,42,1
1468,1775,26672,1
1466,1775,24421,1
1464,1775,23895,1
1441,1775,15484,1
1408,1775,1297,1
1412,1775,1308,1
1415,1775,1552,1
1417,1775,1555,1
1419,1775,1565,1
1420,1775,1568,1
1423,1775,1751,1
1428,1775,7193,1
1433,1775,10740,1
1442,1775,15538,1
1462,1775,23748,1
1444,1775,16982,1
1450,1775,18501,1
1451,1775,18800,1
1452,1775,19200,1
1453,1775,19896,1
1454,1775,21018,1
1458,1775,23321,1
1459,1775,23407,1
1461,1775,23628,1
1513,1800,57,1
1515,1800,65,1
1516,1800,87,1
1592,1800,640,1
1575,1800,508,1
1577,1800,526,1
1578,1800,527,1
1580,1800,531,1
1582,1800,542,1
1583,1800,544,1
1585,1800,567,1
1588,1800,601,1
1590,1800,636,1
1594,1800,814,1
1571,1800,479,1
1595,1800,851,1
1596,1800,896,1
1597,1800,917,1
1598,1800,950,1
1599,1800,957,1
1601,1800,1025,1
1602,1800,1040,1
1603,1800,1051,1
1604,1800,1100,1
1573,1800,481,1
1570,1800,477,1
1518,1800,95,1
1537,1800,217,1
1519,1800,97,1
1521,1800,107,1
1523,1800,134,1
1525,1800,154,1
1526,1800,160,1
1528,1800,174,1
1529,1800,186,1
1530,1800,190,1
1533,1800,194,1
1539,1800,225,1
1566,1800,453,1
1541,1800,230,1
1543,1800,235,1
1547,1800,260,1
1549,1800,271,1
1550,1800,277,1
1556,1800,390,1
1558,1800,400,1
1559,1800,417,1
1560,1800,422,1
1407,1775,1296,1
1401,1775,1125,1
1162,1725,38436,1
1400,1775,1100,1
1240,1750,1296,1
1241,1750,1297,1
1243,1750,1304,1
1246,1750,1568,1
1250,1750,7189,1
1251,1750,7193,1
1256,1750,12310,1
1267,1750,18861,1
1268,1750,19896,1
1272,1750,22131,1
1273,1750,22723,1
1276,1750,23749,1
1279,1750,24920,1
1282,1750,26356,1
1284,1750,26867,1
1285,1750,27042,1
1286,1750,27258,1
1287,1750,28418,1
1288,1750,29613,1
1290,1750,30670,1
1292,1750,32830,1
1238,1750,1286,1
1235,1750,1193,1
1231,1750,896,1
1190,1750,310,1
1163,1725,38584,1
1165,1725,47746,1
1167,1725,50417,1
1174,1750,86,1
1179,1750,168,1
1180,1750,173,1
1181,1750,190,1
1186,1750,254,1
1187,1750,259,1
1191,1750,328,1
1230,1750,851,1
1192,1750,333,1
1196,1750,398,1
1209,1750,464,1
1211,1750,471,1
1214,1750,522,1
1216,1750,544,1
1217,1750,553,1
1226,1750,640,1
1228,1750,703,1
1293,1750,34447,1
1296,1750,36172,1
1300,1750,37573,1
1379,1775,600,1
1351,1775,403,1
1357,1775,440,1
1359,1775,449,1
1365,1775,503,1
1366,1775,508,1
1367,1775,519,1
1368,1775,528,1
1375,1775,580,1
1378,1775,590,1
1380,1775,611,1
1349,1775,397,1
1381,1775,629,1
1383,1775,635,1
1384,1775,636,1
1387,1775,642,1
1388,1775,643,1
1393,1775,943,1
1394,1775,950,1
1395,1775,956,1
1398,1775,1014,1
1350,1775,398,1
1348,1775,394,1
1305,1750,48748,1
1325,1775,171,1
1308,1750,49761,1
1311,1775,33,1
1315,1775,46,1
1317,1775,55,1
1318,1775,88,1
1319,1775,106,1
1320,1775,110,1
1323,1775,167,1
1324,1775,168,1
1328,1775,196,1
1347,1775,370,1
1329,1775,203,1
1330,1775,210,1
1331,1775,211,1
1333,1775,217,1
1337,1775,236,1
1338,1775,254,1
1343,1775,317,1
1344,1775,328,1
1345,1775,346,1
747,1650,229,1
742,1650,195,1
3334,1950,634,1
187,1500,1322,1
230,1525,62,1
231,1525,106,1
232,1525,110,1
233,1525,140,1
235,1525,180,1
239,1525,215,1
240,1525,229,1
241,1525,273,1
243,1525,278,1
245,1525,296,1
247,1525,358,1
248,1525,367,1
249,1525,394,1
250,1525,398,1
251,1525,402,1
258,1525,463,1
260,1525,501,1
265,1525,594,1
267,1525,672,1
269,1525,960,1
271,1525,1010,1
228,1525,46,1
227,1525,37,1
224,1500,37005,1
212,1500,23321,1
194,1500,2719,1
198,1500,10026,1
199,1500,10730,1
200,1500,12466,1
201,1500,13179,1
207,1500,18314,1
209,1500,22720,1
210,1500,23025,1
211,1500,23172,1
213,1500,23749,1
223,1500,36526,1
214,1500,26820,1
215,1500,27063,1
216,1500,30958,1
217,1500,31188,1
218,1500,34346,1
219,1500,34710,1
220,1500,35270,1
221,1500,35307,1
222,1500,36157,1
272,1525,1011,1
273,1525,1235,1
276,1525,1301,1
335,1550,333,1
323,1550,115,1
325,1550,190,1
327,1550,199,1
328,1550,217,1
329,1550,229,1
330,1550,254,1
332,1550,278,1
333,1550,296,1
334,1550,328,1
336,1550,356,1
320,1550,62,1
341,1550,446,1
346,1550,558,1
347,1550,584,1
349,1550,889,1
353,1550,1274,1
356,1550,1303,1
357,1550,1305,1
358,1550,1513,1
359,1550,1528,1
321,1550,106,1
319,1550,58,1
280,1525,1829,1
298,1525,27042,1
282,1525,4475,1
283,1525,7188,1
288,1525,12466,1
290,1525,14034,1
292,1525,17142,1
294,1525,18302,1
295,1525,23655,1
296,1525,24254,1
297,1525,26867,1
299,1525,27063,1
315,1550,28,1
301,1525,30413,1
302,1525,30819,1
303,1525,31306,1
305,1525,35798,1
306,1525,36526,1
309,1525,38538,1
311,1525,48860,1
312,1525,50234,1
314,1550,18,1
191,1500,1601,1
186,1500,1304,1
372,1550,12389,1
183,1500,1274,1
36,1250,34466,1
38,1275,352,1
39,1275,427,1
42,1275,34466,1
50,1325,427,1
51,1325,2718,1
55,1350,631,1
56,1350,1290,1
58,1375,9,1
59,1375,35,1
62,1375,12466,1
64,1400,427,1
66,1400,713,1
67,1400,1829,1
72,1425,9,1
74,1425,193,1
77,1425,465,1
78,1425,556,1
80,1425,7193,1
81,1425,34466,1
82,1450,9,1
35,1250,9926,1
34,1250,2718,1
33,1250,35,1
16,100,35,1
2,-400,9926,1
5,-100,184,1
6,-100,1449,1
10,25,1303,1
11,25,1305,1
12,25,2718,1
13,25,9926,1
14,25,11822,1
15,25,47746,1
17,150,619,1
31,1225,631,1
18,200,35,1
19,200,254,1
20,225,595,1
21,1100,2718,1
22,1150,556,1
23,1150,631,1
27,1200,35,1
28,1200,631,1
30,1225,556,1
84,1450,184,1
88,1450,441,1
89,1450,455,1
163,1500,353,1
145,1475,26158,1
148,1500,54,1
149,1500,57,1
150,1500,62,1
153,1500,167,1
156,1500,195,1
157,1500,196,1
159,1500,211,1
160,1500,225,1
165,1500,412,1
139,1475,13179,1
166,1500,425,1
170,1500,455,1
173,1500,515,1
174,1500,516,1
175,1500,518,1
178,1500,873,1
179,1500,889,1
181,1500,1033,1
182,1500,1271,1
142,1475,18314,1
137,1475,9808,1
90,1450,465,1
109,1475,109,1
91,1450,501,1
92,1450,584,1
96,1450,1296,1
99,1450,7175,1
100,1450,12466,1
101,1450,14034,1
103,1450,34466,1
104,1450,37005,1
106,1450,38885,1
112,1475,184,1
132,1475,1626,1
115,1475,403,1
119,1475,455,1
122,1475,518,1
123,1475,525,1
124,1475,566,1
125,1475,606,1
126,1475,614,1
128,1475,951,1
129,1475,1290,1
365,1550,1880,1
373,1550,12466,1
740,1650,192,1
571,1600,23541,1
618,1625,254,1
619,1625,278,1
622,1625,307,1
623,1625,310,1
626,1625,354,1
627,1625,370,1
629,1625,403,1
630,1625,422,1
639,1625,514,1
640,1625,556,1
641,1625,558,1
643,1625,623,1
647,1625,896,1
650,1625,988,1
652,1625,1010,1
653,1625,1016,1
654,1625,1215,1
657,1625,1297,1
659,1625,1449,1
660,1625,1528,1
662,1625,1536,1
617,1625,230,1
615,1625,225,1
612,1625,196,1
586,1600,37573,1
573,1600,25792,1
574,1600,26158,1
575,1600,26820,1
576,1600,28418,1
578,1600,30406,1
579,1600,31306,1
580,1600,31407,1
582,1600,35578,1
583,1600,35620,1
588,1600,38436,1
611,1625,195,1
592,1600,50098,1
593,1600,50890,1
595,1625,14,1
602,1625,65,1
603,1625,100,1
604,1625,106,1
606,1625,136,1
608,1625,177,1
609,1625,190,1
663,1625,1537,1
664,1625,1555,1
665,1625,1626,1
719,1625,47510,1
708,1625,36172,1
709,1625,36275,1
711,1625,36532,1
712,1625,37005,1
713,1625,37368,1
714,1625,38120,1
716,1625,38150,1
717,1625,38436,1
718,1625,46560,1
720,1625,48076,1
705,1625,30535,1
721,1625,48449,1
724,1625,50417,1
725,1625,52930,1
731,1650,65,1
732,1650,66,1
736,1650,156,1
737,1650,166,1
738,1650,168,1
739,1650,190,1
706,1625,30958,1
704,1625,30514,1
666,1625,1655,1
687,1625,17722,1
672,1625,7193,1
674,1625,9808,1
677,1625,10939,1
679,1625,12389,1
680,1625,13179,1
683,1625,15073,1
684,1625,16988,1
685,1625,17142,1
686,1625,17510,1
689,1625,18314,1
702,1625,30255,1
690,1625,19896,1
691,1625,20021,1
692,1625,21018,1
695,1625,22844,1
696,1625,23019,1
698,1625,24202,1
699,1625,24254,1
700,1625,26158,1
701,1625,29353,1
572,1600,23749,1
568,1600,23036,1
376,1550,14034,1
567,1600,23019,1
424,1575,556,1
426,1575,639,1
427,1575,640,1
428,1575,672,1
430,1575,703,1
431,1575,892,1
434,1575,1100,1
435,1575,1168,1
436,1575,1236,1
438,1575,1290,1
440,1575,1304,1
441,1575,1467,1
443,1575,1538,1
444,1575,1552,1
445,1575,1623,1
448,1575,1880,1
451,1575,9808,1
454,1575,10730,1
455,1575,11697,1
456,1575,12376,1
457,1575,12466,1
421,1575,501,1
418,1575,455,1
416,1575,427,1
398,1575,29,1
378,1550,16188,1
379,1550,17142,1
382,1550,19896,1
384,1550,21517,1
386,1550,23321,1
388,1550,30670,1
391,1550,36852,1
395,1550,46933,1
396,1550,50526,1
399,1575,33,1
414,1575,403,1
401,1575,37,1
402,1575,48,1
404,1575,107,1
406,1575,142,1
407,1575,184,1
408,1575,190,1
411,1575,229,1
412,1575,278,1
413,1575,328,1
459,1575,14025,1
466,1575,20021,1
468,1575,23019,1
541,1600,1449,1
522,1600,490,1
524,1600,539,1
525,1600,584,1
529,1600,818,1
530,1600,896,1
534,1600,1053,1
535,1600,1235,1
538,1600,1296,1
539,1600,1297,1
542,1600,1524,1
515,1600,435,1
544,1600,1555,1
547,1600,4475,1
551,1600,10173,1
552,1600,10730,1
556,1600,15728,1
557,1600,17495,1
558,1600,18165,1
560,1600,18406,1
561,1600,19896,1
521,1600,471,1
512,1600,403,1
469,1575,23025,1
487,1575,50098,1
471,1575,23749,1
472,1575,24355,1
474,1575,35270,1
476,1575,36526,1
478,1575,37252,1
479,1575,37368,1
480,1575,38120,1
483,1575,46813,1
485,1575,47510,1
489,1575,50954,1
510,1600,399,1
491,1600,17,1
496,1600,65,1
498,1600,109,1
500,1600,178,1
504,1600,225,1
505,1600,229,1
506,1600,254,1
507,1600,268,1
509,1600,368,1
1606,1800,1168,1
1614,1800,1453,1
1615,1800,1459,1
2708,1900,30670,1
2761,1900,52020,1
2763,1900,52662,1
2764,1900,52820,1
2765,1900,52888,1
2767,1925,15,1
2768,1925,18,1
2769,1925,19,1
2770,1925,20,1
2771,1925,28,1
2773,1925,34,1
2774,1925,35,1
2775,1925,46,1
2777,1925,51,1
2778,1925,58,1
2779,1925,59,1
2780,1925,60,1
2783,1925,67,1
2785,1925,78,1
2787,1925,84,1
2788,1925,89,1
2790,1925,102,1
2757,1900,50418,1
2756,1900,50388,1
2753,1900,49582,1
2729,1900,36272,1
2713,1900,31074,1
2714,1900,31260,1
2715,1900,31292,1
2718,1900,33054,1
2724,1900,35461,1
2725,1900,35601,1
2726,1900,35798,1
2727,1900,35953,1
2728,1900,36259,1
2732,1900,37094,1
2752,1900,49319,1
2736,1900,37625,1
2740,1900,38278,1
2742,1900,38580,1
2743,1900,38645,1
2744,1900,43565,1
2746,1900,46323,1
2747,1900,47202,1
2748,1900,47746,1
2751,1900,49282,1
2793,1925,107,1
2798,1925,126,1
2801,1925,138,1
2870,1925,472,1
2852,1925,403,1
2854,1925,420,1
2855,1925,423,1
2856,1925,424,1
2862,1925,435,1
2864,1925,444,1
2865,1925,448,1
2866,1925,450,1
2869,1925,466,1
2875,1925,509,1
2848,1925,372,1
2878,1925,529,1
2881,1925,537,1
2882,1925,542,1
2884,1925,547,1
2885,1925,548,1
2887,1925,561,1
2888,1925,562,1
2892,1925,593,1
2893,1925,602,1
2850,1925,383,1
2847,1925,366,1
2802,1925,146,1
2828,1925,264,1
2803,1925,147,1
2808,1925,182,1
2809,1925,188,1
2810,1925,190,1
2814,1925,200,1
2815,1925,203,1
2823,1925,251,1
2824,1925,256,1
2827,1925,263,1
2829,1925,267,1
2846,1925,355,1
2830,1925,283,1
2831,1925,286,1
2832,1925,288,1
2834,1925,300,1
2835,1925,316,1
2839,1925,328,1
2841,1925,331,1
2843,1925,349,1
2844,1925,350,1
2712,1900,31067,1
2701,1900,30049,1
2897,1925,621,1
2690,1900,27757,1
2536,1900,627,1
2539,1900,636,1
2541,1900,648,1
2544,1900,700,1
2546,1900,747,1
2548,1900,851,1
2549,1900,886,1
2551,1900,967,1
2552,1900,990,1
2556,1900,1015,1
2557,1900,1018,1
2558,1900,1026,1
2559,1900,1050,1
2561,1900,1123,1
2562,1900,1128,1
2563,1900,1168,1
2565,1900,1233,1
2566,1900,1238,1
2567,1900,1244,1
2569,1900,1277,1
2572,1900,1301,1
2534,1900,617,1
2533,1900,613,1
2532,1900,610,1
2514,1900,477,1
2497,1900,403,1
2498,1900,407,1
2503,1900,435,1
2507,1900,456,1
2508,1900,458,1
2509,1900,459,1
2511,1900,469,1
2512,1900,472,1
2513,1900,475,1
2516,1900,495,1
2531,1900,604,1
2519,1900,515,1
2520,1900,516,1
2521,1900,522,1
2523,1900,547,1
2524,1900,552,1
2526,1900,571,1
2527,1900,576,1
2529,1900,593,1
2530,1900,598,1
2574,1900,1304,1
2578,1900,1467,1
2583,1900,1528,1
2667,1900,23224,1
2648,1900,17722,1
2652,1900,19205,1
2655,1900,20175,1
2656,1900,20260,1
2659,1900,21061,1
2660,1900,21516,1
2661,1900,21728,1
2663,1900,21971,1
2664,1900,22725,1
2669,1900,23537,1
2645,1900,16974,1
2674,1900,23782,1
2676,1900,23952,1
2678,1900,24202,1
2679,1900,24254,1
2682,1900,26255,1
2684,1900,26492,1
2685,1900,26820,1
2688,1900,27230,1
2689,1900,27582,1
2646,1900,17567,1
2644,1900,16609,1
2586,1900,1543,1
2605,1900,1757,1
2587,1900,1552,1
2589,1900,1568,1
2592,1900,1615,1
2594,1900,1629,1
2595,1900,1633,1
2597,1900,1647,1
2599,1900,1663,1
2600,1900,1664,1
2604,1900,1701,1
2614,1900,7173,1
2643,1900,16177,1
2616,1900,9683,1
2617,1900,9708,1
2618,1900,9713,1
2620,1900,9736,1
2627,1900,12153,1
2628,1900,12161,1
2629,1900,12389,1
2641,1900,15484,1
2642,1900,15988,1
2896,1925,615,1
2898,1925,622,1
1616,1800,1513,1
3128,1925,30374,1
3183,1925,38913,1
3186,1925,45011,1
3187,1925,45103,1
3188,1925,45174,1
3190,1925,46807,1
3191,1925,47202,1
3193,1925,47296,1
3196,1925,48451,1
3197,1925,48860,1
3199,1925,49315,1
3200,1925,49531,1
3205,1925,50364,1
3212,1925,52034,1
3215,1925,52662,1
3217,1925,52788,1
3218,1925,52821,1
3223,1950,34,1
3225,1950,48,1
3226,1950,54,1
3228,1950,67,1
3230,1950,79,1
3181,1925,38689,1
3180,1925,38630,1
3179,1925,38361,1
3148,1925,33077,1
3130,1925,30712,1
3131,1925,30875,1
3132,1925,30888,1
3134,1925,31260,1
3138,1925,31565,1
3140,1925,31702,1
3141,1925,31703,1
3142,1925,32724,1
3146,1925,33053,1
3150,1925,34342,1
3175,1925,37984,1
3155,1925,35184,1
3156,1925,35186,1
3157,1925,35272,1
3159,1925,35441,1
3160,1925,35526,1
3163,1925,36136,1
3165,1925,36259,1
3167,1925,36897,1
3173,1925,37729,1
3232,1950,83,1
3233,1950,88,1
3234,1950,90,1
3312,1950,505,1
3290,1950,410,1
3291,1950,419,1
3295,1950,434,1
3300,1950,451,1
3301,1950,454,1
3303,1950,458,1
3304,1950,464,1
3307,1950,476,1
3309,1950,496,1
3316,1950,530,1
3286,1950,379,1
3317,1950,534,1
3319,1950,542,1
3320,1950,544,1
3323,1950,564,1
3325,1950,574,1
3326,1950,583,1
3330,1950,605,1
3332,1950,620,1
3333,1950,625,1
3287,1950,383,1
3285,1950,378,1
3235,1950,92,1
3259,1950,207,1
3236,1950,94,1
3237,1950,98,1
3239,1950,104,1
3243,1950,117,1
3247,1950,139,1
3249,1950,149,1
3250,1950,152,1
3253,1950,169,1
3255,1950,189,1
3265,1950,257,1
3283,1950,358,1
3266,1950,258,1
3268,1950,263,1
3269,1950,269,1
3270,1950,272,1
3272,1950,292,1
3273,1950,293,1
3275,1950,313,1
3276,1950,317,1
3280,1950,343,1
3129,1925,30474,1
3127,1925,30299,1
2900,1925,631,1
3125,1925,30266,1
2965,1925,1574,1
2969,1925,1613,1
2971,1925,1622,1
2973,1925,1625,1
2975,1925,1641,1
2976,1925,1645,1
2979,1925,1658,1
2981,1925,1662,1
2984,1925,1754,1
2988,1925,1897,1
2990,1925,1995,1
2991,1925,2129,1
2993,1925,2500,1
2997,1925,5380,1
3000,1925,7175,1
3002,1925,7193,1
3003,1925,9709,1
3010,1925,10711,1
3012,1925,11112,1
3013,1925,11115,1
3014,1925,11671,1
2959,1925,1534,1
2958,1925,1528,1
2953,1925,1455,1
2921,1925,1045,1
2902,1925,645,1
2905,1925,775,1
2906,1925,851,1
2909,1925,921,1
2910,1925,923,1
2913,1925,971,1
2915,1925,988,1
2916,1925,990,1
2918,1925,1022,1
2922,1925,1050,1
2951,1925,1402,1
2924,1925,1056,1
2925,1925,1058,1
2926,1925,1060,1
2929,1925,1078,1
2930,1925,1079,1
2933,1925,1137,1
2938,1925,1233,1
2942,1925,1280,1
2944,1925,1293,1
3016,1925,12224,1
3021,1925,12852,1
3024,1925,13354,1
3105,1925,27869,1
3088,1925,23916,1
3091,1925,24202,1
3092,1925,24254,1
3093,1925,24317,1
3094,1925,25003,1
3097,1925,25799,1
3099,1925,26958,1
3102,1925,27346,1
3103,1925,27759,1
3106,1925,27871,1
3083,1925,23655,1
3107,1925,28076,1
3108,1925,28175,1
3112,1925,28449,1
3113,1925,29066,1
3114,1925,29124,1
3116,1925,29560,1
3120,1925,29796,1
3122,1925,30083,1
3124,1925,30246,1
3085,1925,23749,1
3082,1925,23541,1
3026,1925,13784,1
3055,1925,19418,1
3027,1925,13805,1
3032,1925,14689,1
3034,1925,14890,1
3041,1925,16955,1
3042,1925,17314,1
3044,1925,17714,1
3049,1925,18233,1
3050,1925,18314,1
3051,1925,18605,1
3056,1925,19896,1
3079,1925,23173,1
3059,1925,20080,1
3060,1925,20108,1
3061,1925,20125,1
3066,1925,21358,1
3070,1925,21971,1
3071,1925,22058,1
3074,1925,23036,1
3076,1925,23076,1
3078,1925,23171,1
2496,1900,398,1
2495,1900,396,1
2493,1900,391,1
1838,1825,23559,1
1891,1850,190,1
1899,1850,230,1
1900,1850,233,1
1901,1850,234,1
1902,1850,237,1
1903,1850,242,1
1904,1850,264,1
1905,1850,277,1
1906,1850,279,1
1908,1850,285,1
1911,1850,303,1
1914,1850,314,1
1915,1850,317,1
1916,1850,319,1
1919,1850,333,1
1920,1850,361,1
1921,1850,373,1
1923,1850,378,1
1924,1850,387,1
1931,1850,436,1
1934,1850,456,1
1890,1850,182,1
1889,1850,180,1
1888,1850,163,1
1860,1825,35271,1
1842,1825,24254,1
1845,1825,26867,1
1846,1825,27230,1
1847,1825,27258,1
1849,1825,28629,1
1850,1825,28975,1
1852,1825,29613,1
1855,1825,30128,1
1856,1825,30277,1
1861,1825,36526,1
1882,1850,95,1
1862,1825,37005,1
1866,1825,38216,1
1867,1825,45424,1
1870,1825,48449,1
1871,1825,49704,1
1872,1825,50075,1
1874,1825,51145,1
1875,1825,52155,1
1880,1850,50,1
1936,1850,469,1
1938,1850,474,1
1939,1850,475,1
2039,1850,23321,1
2008,1850,13223,1
2017,1850,17142,1
2022,1850,18233,1
2023,1850,18314,1
2025,1850,19888,1
2030,1850,20855,1
2034,1850,21894,1
2037,1850,23019,1
2038,1850,23032,1
2044,1850,23917,1
2005,1850,12761,1
2047,1850,25003,1
2051,1850,27041,1
2053,1850,27089,1
2059,1850,29124,1
2064,1850,30277,1
2069,1850,31058,1
2075,1850,34520,1
2076,1850,34521,1
2078,1850,35184,1
2006,1850,13106,1
2002,1850,10967,1
1940,1850,487,1
1958,1850,639,1
1941,1850,488,1
1943,1850,502,1
1946,1850,542,1
1947,1850,548,1
1950,1850,577,1
1951,1850,581,1
1953,1850,589,1
1954,1850,599,1
1957,1850,633,1
1960,1850,713,1
2001,1850,10942,1
1964,1850,851,1
1978,1850,1306,1
1979,1850,1449,1
1980,1850,1466,1
1984,1850,1568,1
1987,1850,1649,1
1989,1850,1667,1
1990,1850,1676,1
1995,1850,7169,1
1839,1825,23749,1
1837,1825,23541,1
2492,1900,387,1
1835,1825,23172,1
1678,1800,34336,1
1679,1800,34346,1
1681,1800,36526,1
1682,1800,36532,1
1692,1800,48870,1
1693,1800,50234,1
1694,1800,50388,1
1695,1800,50662,1
1697,1825,14,1
1698,1825,28,1
1699,1825,31,1
1700,1825,33,1
1704,1825,90,1
1706,1825,95,1
1708,1825,106,1
1710,1825,111,1
1712,1825,143,1
1715,1825,167,1
1717,1825,170,1
1718,1825,175,1
1719,1825,180,1
1677,1800,30670,1
1676,1800,30413,1
1675,1800,30083,1
1645,1800,16746,1
1617,1800,1524,1
1619,1800,1552,1
1622,1800,1568,1
1623,1800,1622,1
1624,1800,1626,1
1626,1800,1643,1
1629,1800,1848,1
1634,1800,9690,1
1640,1800,13179,1
1646,1800,16747,1
1674,1800,30049,1
1647,1800,16980,1
1648,1800,16981,1
1649,1800,16982,1
1653,1800,18314,1
1654,1800,18801,1
1661,1800,23040,1
1663,1800,23321,1
1666,1800,24202,1
1673,1800,30015,1
1726,1825,217,1
1727,1825,220,1
1730,1825,243,1
1803,1825,1565,1
1780,1825,1014,1
1783,1825,1046,1
1785,1825,1063,1
1786,1825,1068,1
1788,1825,1110,1
1789,1825,1131,1
1795,1825,1294,1
1796,1825,1296,1
1797,1825,1297,1
1814,1825,10740,1
1777,1825,964,1
1815,1825,12379,1
1817,1825,13223,1
1822,1825,16570,1
1824,1825,17261,1
1826,1825,17940,1
1829,1825,20515,1
1830,1825,21018,1
1832,1825,21751,1
1834,1825,23019,1
1779,1825,1013,1
1776,1825,944,1
1731,1825,245,1
1752,1825,435,1
1732,1825,257,1
1733,1825,262,1
1741,1825,358,1
1742,1825,398,1
1743,1825,402,1
1744,1825,404,1
1745,1825,405,1
1750,1825,431,1
1751,1825,432,1
1758,1825,497,1
1775,1825,851,1
1761,1825,513,1
1763,1825,538,1
1764,1825,570,1
1765,1825,578,1
1766,1825,579,1
1767,1825,582,1
1768,1825,594,1
1772,1825,639,1
1773,1825,672,1
2079,1850,35279,1
2080,1850,35461,1
2083,1850,36526,1
2084,1850,37005,1
2339,1875,29806,1
2340,1875,29809,1
2342,1875,30049,1
2345,1875,30295,1
2346,1875,30374,1
2348,1875,30514,1
2351,1875,30905,1
2352,1875,31029,1
2358,1875,32939,1
2359,1875,33083,1
2365,1875,36172,1
2367,1875,36740,1
2370,1875,37253,1
2373,1875,37573,1
2377,1875,38436,1
2378,1875,38556,1
2382,1875,46996,1
2383,1875,47510,1
2384,1875,48860,1
2385,1875,48918,1
2386,1875,49582,1
2337,1875,29796,1
2335,1875,29501,1
2333,1875,28623,1
2309,1875,23289,1
2283,1875,15541,1
2284,1875,15988,1
2292,1875,20131,1
2297,1875,20770,1
2298,1875,20855,1
2299,1875,21544,1
2301,1875,22219,1
2305,1875,22958,1
2307,1875,23036,1
2311,1875,23541,1
2329,1875,27757,1
2312,1875,23628,1
2315,1875,24355,1
2316,1875,24421,1
2318,1875,25003,1
2320,1875,26255,1
2323,1875,26492,1
2324,1875,26820,1
2327,1875,27230,1
2328,1875,27399,1
2389,1875,50652,1
2390,1875,50653,1
2394,1875,52034,1
2468,1900,255,1
2451,1900,195,1
2453,1900,202,1
2454,1900,204,1
2455,1900,206,1
2456,1900,209,1
2460,1900,218,1
2461,1900,225,1
2462,1900,228,1
2467,1900,254,1
2471,1900,264,1
2447,1900,182,1
2474,1900,302,1
2475,1900,304,1
2481,1900,336,1
2484,1900,344,1
2485,1900,347,1
2486,1900,360,1
2487,1900,369,1
2488,1900,375,1
2490,1900,385,1
2448,1900,188,1
2446,1900,168,1
2397,1875,52738,1
2415,1900,52,1
2398,1875,52974,1
2400,1900,15,1
2401,1900,16,1
2402,1900,18,1
2406,1900,34,1
2408,1900,37,1
2410,1900,40,1
2412,1900,44,1
2414,1900,49,1
2417,1900,64,1
1,-425,9926,1
2420,1900,70,1
2422,1900,78,1
2426,1900,101,1
2430,1900,106,1
2433,1900,112,1
2434,1900,113,1
2436,1900,137,1
2439,1900,154,1
2442,1900,162,1
2282,1875,15484,1
2280,1875,14440,1
2272,1875,12389,1
2152,1875,279,1
2136,1875,188,1
2139,1875,195,1
2143,1875,225,1
2146,1875,240,1
2147,1875,241,1
2148,1875,257,1
2149,1875,264,1
2150,1875,267,1
2151,1875,268,1
2153,1875,283,1
2132,1875,162,1
2157,1875,296,1
2158,1875,306,1
2160,1875,322,1
2161,1875,324,1
2162,1875,325,1
2166,1875,359,1
2168,1875,387,1
2169,1875,388,1
2170,1875,391,1
2135,1875,171,1
2130,1875,158,1
2172,1875,395,1
2098,1850,49404,1
2087,1850,38150,1
2089,1850,38854,1
2090,1850,38911,1
2091,1850,44949,1
2093,1850,46560,1
2094,1850,47361,1
2095,1850,47746,1
2096,1850,48522,1
2097,1850,48860,1
2102,1850,51145,1
2129,1875,154,1
2103,1850,52099,1
2104,1850,52110,1
2106,1875,29,1
2107,1875,33,1
2110,1875,51,1
2114,1875,69,1
2115,1875,71,1
2117,1875,75,1
2121,1875,95,1
2171,1875,392,1
2176,1875,408,1
2271,1875,12224,1
2248,1875,1624,1
2223,1875,958,1
2230,1875,1197,1
2231,1875,1277,1
2235,1875,1294,1
2239,1875,1453,1
2242,1875,1543,1
2244,1875,1568,1
2245,1875,1569,1
2247,1875,1611,1
2249,1875,1626,1
2221,1875,896,1
2253,1875,1667,1
2255,1875,1757,1
2258,1875,2500,1
2263,1875,7192,1
2264,1875,7193,1
2265,1875,9719,1
2266,1875,9720,1
2267,1875,9808,1
2270,1875,10967,1
2222,1875,951,1
2220,1875,851,1
2180,1875,428,1
2201,1875,569,1
2182,1875,435,1
2186,1875,456,1
2187,1875,460,1
2190,1875,470,1
2193,1875,494,1
2196,1875,514,1
2197,1875,522,1
2199,1875,543,1
2200,1875,563,1
2203,1875,584,1
2218,1875,819,1
2204,1875,586,1
2205,1875,592,1
2206,1875,599,1
2207,1875,609,1
2208,1875,611,1
2210,1875,624,1
2212,1875,627,1
2214,1875,632,1
2217,1875,752,1
4885,2025,53145,1
